,0
0,Aast
1,Abainville
2,Abancourt
3,Abancourt
4,Abaucourt
5,Abaucourt-Hautecourt
6,Abbans-Dessous
7,Abbans-Dessus
8,Abbaretz
9,Abbécourt
10,Abbecourt
11,Abbenans
12,Abbeville
13,Abbéville-la-Rivière
14,Abbéville-lès-Conflans
15,Abbeville-Saint-Lucien
16,Abbévillers
17,Abeilhan
18,Abelcourt
19,Abère
20,Abergement-la-Ronce
21,Abergement-le-Grand
22,Abergement-le-Petit
23,Abergement-lès-Thésy
24,Abidos
25,Abilly
26,Abitain
27,Abjat-sur-Bandiat
28,Ablain-Saint-Nazaire
29,Ablaincourt-Pressoir
30,Ablainzevelle
31,Ablancourt
32,Ableiges
33,Ablis
34,Ablon
35,Ablon-sur-Seine
36,Aboën
37,Aboncourt
38,Aboncourt
39,Aboncourt-Gesincourt
40,Aboncourt-sur-Seille
41,Abondance
42,Abondant
43,Abos
44,Abreschviller
45,Abrest
46,Abriès-Ristolas
47,Abscon
48,Abzac
49,Abzac
50,Accolans
51,Accons
52,Accous
53,Achain
54,Achen
55,Achenheim
56,Achères
57,Achères
58,Achères-la-Forêt
59,Achery
60,Acheux-en-Amiénois
61,Acheux-en-Vimeu
62,Acheville
63,Achey
64,Achicourt
65,Achiet-le-Grand
66,Achiet-le-Petit
67,Achun
68,Achy
69,Acigné
70,Aclou
71,Acon
72,Acoua
73,Acq
74,Acquigny
75,Acquin-Westbécourt
76,Acy
77,Acy-en-Multien
78,Acy-Romance
79,Adaincourt
80,Adainville
81,Adam-lès-Passavant
82,Adam-lès-Vercel
83,Adamswiller
84,Adast
85,Adé
86,Adelange
87,Adelans-et-le-Val-de-Bithaine
88,Adervielle-Pouchergues
89,Adilly
90,Adinfer
91,Adissan
92,Adon
93,Adriers
94,Afa
95,Affieux
96,Affléville
97,Affoux
98,Affracourt
99,Affringues
100,Agassac
101,Agde
102,Agel
103,Agen
104,Agen-d'Aveyron
105,Agencourt
106,Agenville
107,Agenvillers
108,Ageville
109,Agey
110,Aghione
111,Agincourt
112,Agmé
113,Agnac
114,Agnat
115,Agneaux
116,Agnetz
117,Agnez-lès-Duisans
118,Agnicourt-et-Séchelles
119,Agnières
120,Agnin
121,Agnos
122,Agny
123,Agon-Coutainville
124,Agonac
125,Agonès
126,Agonges
127,Agos-Vidalos
128,Agris
129,Agudelle
130,Aguessac
131,Aguilcourt
132,Aguts
133,Agy
134,Ahaxe-Alciette-Bascassan
135,Ahetze
136,Ahéville
137,Ahuillé
138,Ahun
139,Ahuy
140,Aibes
141,Aibre
142,Aïcirits-Camou-Suhast
143,Aiffres
144,Aigaliers
145,Aiglemont
146,Aiglepierre
147,Aigleville
148,Aiglun
149,Aiglun
150,Aignan
151,Aignay-le-Duc
152,Aigne
153,Aigné
154,Aignes
155,Aigneville
156,Aigny
157,Aigondigné
158,Aigre
159,Aigrefeuille
160,Aigrefeuille-d'Aunis
161,Aigrefeuille-sur-Maine
162,Aigremont
163,Aigremont
164,Aigremont
165,Aigremont
166,Aiguebelette-le-Lac
167,Aiguefonde
168,Aigueperse
169,Aigueperse
170,Aigues-Juntes
171,Aigues-Mortes
172,Aigues-Vives
173,Aigues-Vives
174,Aigues-Vives
175,Aigues-Vives
176,Aiguèze
177,Aiguilhe
178,Aiguilles
179,Aiguillon
180,Aiguines
181,Aigurande
182,Ailhon
183,Aillant-sur-Milleron
184,Aillas
185,Ailleux
186,Aillevans
187,Ailleville
188,Aillevillers-et-Lyaumont
189,Aillianville
190,Aillières-Beauvoir
191,Aillon-le-Jeune
192,Aillon-le-Vieux
193,Ailloncourt
194,Ailly
195,Ailly-le-Haut-Clocher
196,Ailly-sur-Noye
197,Ailly-sur-Somme
198,Aimargues
199,Aime-la-Plagne
200,Ainay-le-Château
201,Ainay-le-Vieil
202,Aincille
203,Aincourt
204,Aincreville
205,Aingeray
206,Aingeville
207,Aingoulaincourt
208,Ainharp
209,Ainhice-Mongelos
210,Ainhoa
211,Ainvelle
212,Ainvelle
213,Airaines
214,Aire
215,Aire-sur-l'Adour
216,Aire-sur-la-Lys
217,Airel
218,Airion
219,Airon-Notre-Dame
220,Airon-Saint-Vaast
221,Airoux
222,Airvault
223,Aiserey
224,Aisey-et-Richecourt
225,Aisey-sur-Seine
226,Aisonville-et-Bernoville
227,Aïssey
228,Aisy-sous-Thil
229,Aisy-sur-Armançon
230,Aiti
231,Aiton
232,Aix
233,Aix-en-Ergny
234,Aix-en-Issart
235,Aix-en-Pévèle
236,Aix-en-Provence
237,Aix-la-Fayette
238,Aix-les-Bains
239,Aix-Noulette
240,Aix-Villemaur-Pâlis
241,Aixe-sur-Vienne
242,Aizac
243,Aizanville
244,Aize
245,Aizecourt-le-Bas
246,Aizecourt-le-Haut
247,Aizelles
248,Aizenay
249,Aizier
250,Aizy-Jouy
251,Ajac
252,Ajaccio
253,Ajain
254,Ajat
255,Ajoncourt
256,Ajoux
257,Alaigne
258,Alaincourt
259,Alaincourt
260,Alaincourt-la-Côte
261,Alairac
262,Alan
263,Alando
264,Alata
265,Alba-la-Romaine
266,Alban
267,Albaret-le-Comtal
268,Albaret-Sainte-Marie
269,Albas
270,Albas
271,Albé
272,Albefeuille-Lagarde
273,Albepierre-Bredons
274,Albert
275,Albertacce
276,Albertville
277,Albestroff
278,Albi
279,Albiac
280,Albiac
281,Albias
282,Albières
283,Albiès
284,Albiez-le-Jeune
285,Albiez-Montrond
286,Albignac
287,Albigny-sur-Saône
288,Albine
289,Albitreccia
290,Albon
291,Albon-d'Ardèche
292,Alboussière
293,Albussac
294,Alby-sur-Chéran
295,Alçay-Alçabéhéty-Sunharette
296,Aldudes
297,Alembon
298,Alençon
299,Alénya
300,Aléria
301,Alès
302,Alet-les-Bains
303,Alette
304,Aleu
305,Alex
306,Alexain
307,Aleyrac
308,Alfortville
309,Algajola
310,Algans
311,Algolsheim
312,Algrange
313,Alièze
314,Alignan-du-Vent
315,Alincourt
316,Alincthun
317,Alise-Sainte-Reine
318,Alissas
319,Alix
320,Alixan
321,Alizay
322,Allain
323,Allaines
324,Allainville
325,Allainville
326,Allaire
327,Allamont
328,Allamps
329,Allan
330,Allanche
331,Alland'Huy-et-Sausseuil
332,Allarmont
333,Allas-Bocage
334,Allas-Champagne
335,Allas-les-Mines
336,Allassac
337,Allauch
338,Allègre
339,Allègre-les-Fumades
340,Alleins
341,Allemagne-en-Provence
342,Allemanche-Launay-et-Soyer
343,Allemans
344,Allemans-du-Dropt
345,Allemant
346,Allemant
347,Allemond
348,Allenay
349,Allenc
350,Allenjoie
351,Allennes-les-Marais
352,Allerey
353,Allerey-sur-Saône
354,Allériot
355,Allery
356,Alles-sur-Dordogne
357,Alleuze
358,Allevard
359,Allèves
360,Allex
361,Alleyrac
362,Alleyras
363,Alleyrat
364,Alleyrat
365,Allez-et-Cazeneuve
366,Alliancelles
367,Alliat
368,Allibaudières
369,Allichamps
370,Allier
371,Allières
372,Alligny-Cosne
373,Alligny-en-Morvan
374,Allineuc
375,Allinges
376,Allogny
377,Alloinay
378,Allondans
379,Allondaz
380,Allondrelle-la-Malmaison
381,Allonne
382,Allonne
383,Allonnes
384,Allonnes
385,Allonnes
386,Allons
387,Allons
388,Allonville
389,Allonzier-la-Caille
390,Allos
391,Allouagne
392,Alloue
393,Allouis
394,Allouville-Bellefosse
395,Alluy
396,Alluyes
397,Ally
398,Ally
399,Almayrac
400,Almenêches
401,Almont-les-Junies
402,Alos
403,Alos
404,Alos-Sibas-Abense
405,Aloxe-Corton
406,Alquines
407,Alrance
408,Alsting
409,Altagène
410,Alteckendorf
411,Altenach
412,Altenheim
413,Althen-des-Paluds
414,Altiani
415,Altier
416,Altillac
417,Altkirch
418,Altorf
419,Altrippe
420,Altviller
421,Altwiller
422,Aluze
423,Alvignac
424,Alvimare
425,Alzen
426,Alzi
427,Alzing
428,Alzon
429,Alzonne
430,Amage
431,Amagne
432,Amagney
433,Amailloux
434,Amance
435,Amance
436,Amance
437,Amancey
438,Amancy
439,Amange
440,Amanlis
441,Amanty
442,Amanvillers
443,Amanzé
444,Amarens
445,Amathay-Vésigneux
446,Amayé-sur-Orne
447,Amayé-sur-Seulles
448,Amazy
449,Ambacourt
450,Ambarès-et-Lagrave
451,Ambax
452,Ambazac
453,Ambel
454,Ambenay
455,Ambérac
456,Ambérieu-en-Bugey
457,Ambérieux
458,Ambérieux-en-Dombes
459,Ambernac
460,Amberre
461,Ambert
462,Ambès
463,Ambeyrac
464,Ambialet
465,Ambiegna
466,Ambierle
467,Ambiévillers
468,Ambillou
469,Ambilly
470,Amblainville
471,Amblans-et-Velotte
472,Ambleny
473,Ambléon
474,Ambleteuse
475,Ambleville
476,Ambloy
477,Ambly-Fleury
478,Ambly-sur-Meuse
479,Amboise
480,Ambon
481,Ambonil
482,Ambonnay
483,Ambonville
484,Ambrault
485,Ambres
486,Ambricourt
487,Ambrief
488,Ambrières
489,Ambrières-les-Vallées
490,Ambrines
491,Ambronay
492,Ambrugeat
493,Ambrumesnil
494,Ambrus
495,Ambutrix
496,Amécourt
497,Amel-sur-l'Étang
498,Amelécourt
499,Amélie-les-Bains-Palalda
500,Amendeuix-Oneix
501,Amenoncourt
502,Amenucourt
503,Ames
504,Amettes
505,Ameugny
506,Ameuvelle
507,Amfreville
508,Amfreville-la-Mi-Voie
509,Amfreville-les-Champs
510,Amfreville-les-Champs
511,Amfreville-Saint-Amand
512,Amfreville-sous-les-Monts
513,Amfreville-sur-Iton
514,Amfroipret
515,Amiens
516,Amifontaine
517,Amigny
518,Amigny-Rouy
519,Amillis
520,Amilly
521,Amilly
522,Amirat
523,Ammerschwihr
524,Amné
525,Amnéville
526,Amoncourt
527,Amondans
528,Amont-et-Effreney
529,Amorots-Succos
530,Amou
531,Ampilly-le-Sec
532,Ampilly-les-Bordes
533,Amplepuis
534,Amplier
535,Amponville
536,Ampriani
537,Ampuis
538,Ampus
539,Amuré
540,Amy
541,Anais
542,Anais
543,Anan
544,Ance
545,Anceaumeville
546,Ancelle
547,Ancemont
548,Ancenis-Saint-Géréon
549,Ancerville
550,Ancerville
551,Ancerviller
552,Ancey
553,Anchamps
554,Anché
555,Anché
556,Anchenoncourt-et-Chazel
557,Ancienville
558,Ancier
559,Ancinnes
560,Ancizan
561,Ancône
562,Ancourt
563,Ancourteville-sur-Héricourt
564,Ancretiéville-Saint-Victor
565,Ancretteville-sur-Mer
566,Anctoville-sur-Boscq
567,Ancy
568,Ancy-Dornot
569,Ancy-le-Franc
570,Ancy-le-Libre
571,Andainville
572,Andance
573,Andancette
574,Andé
575,Andechy
576,Andel
577,Andelain
578,Andelaroche
579,Andelarre
580,Andelarrot
581,Andelat
582,Andelnans
583,Andelot-Blancheville
584,Andelot-en-Montagne
585,Andelot-Morval
586,Andelu
587,Andernay
588,Andernos-les-Bains
589,Anderny
590,Andert-et-Condon
591,Andeville
592,Andillac
593,Andilly
594,Andilly
595,Andilly
596,Andilly
597,Andilly-en-Bassigny
598,Andiran
599,Andlau
600,Andoins
601,Andolsheim
602,Andon
603,Andonville
604,Andornay
605,Andouillé
606,Andouillé-Neuville
607,Andouque
608,Andrein
609,Andres
610,Andrest
611,Andrésy
612,Andrezel
613,Andrézieux-Bouthéon
614,Andryes
615,Anduze
616,Anères
617,Anet
618,Angaïs
619,Angé
620,Angeac-Champagne
621,Angeac-Charente
622,Angecourt
623,Angeduc
624,Angely
625,Angeot
626,Angers
627,Angerville
628,Angerville
629,Angerville-Bailleul
630,Angerville-l'Orcher
631,Angerville-la-Campagne
632,Angerville-la-Martel
633,Angervilliers
634,Angeville
635,Angevillers
636,Angicourt
637,Angiens
638,Angirey
639,Angivillers
640,Anglade
641,Anglards-de-Saint-Flour
642,Anglards-de-Salers
643,Anglars
644,Anglars-Juillac
645,Anglars-Nozac
646,Anglars-Saint-Félix
647,Anglefort
648,Anglemont
649,Angles
650,Anglès
651,Angles
652,Angles-sur-l'Anglin
653,Anglesqueville-l'Esneval
654,Anglesqueville-la-Bras-Long
655,Anglet
656,Angliers
657,Angliers
658,Anglure
659,Anglure-sous-Dun
660,Angluzelles-et-Courcelles
661,Angoisse
662,Angomont
663,Angos
664,Angoulême
665,Angoulins
666,Angoumé
667,Angous
668,Angoustrine-Villeneuve-des-Escaldes
669,Angres
670,Angresse
671,Angrie
672,Anguilcourt-le-Sart
673,Angy
674,Anhaux
675,Anhiers
676,Aniane
677,Aniche
678,Anisy
679,Anizy-le-Grand
680,Anjeux
681,Anjou
682,Anjouin
683,Anjoutey
684,Anla
685,Anlezy
686,Anlhiac
687,Annay
688,Annay
689,Annay-la-Côte
690,Annay-sur-Serein
691,Annebault
692,Annecy
693,Annelles
694,Annemasse
695,Annéot
696,Annepont
697,Annequin
698,Annesse-et-Beaulieu
699,Annet-sur-Marne
700,Anneux
701,Anneville-Ambourville
702,Anneville-en-Saire
703,Annéville-la-Prairie
704,Anneville-sur-Scie
705,Anneyron
706,Annezay
707,Annezin
708,Annoire
709,Annois
710,Annoisin-Chatelans
711,Annoix
712,Annonay
713,Annonville
714,Annot
715,Annouville-Vilmesnil
716,Annoux
717,Annoville
718,Annœullin
719,Anor
720,Anos
721,Anost
722,Anould
723,Anoux
724,Anoye
725,Anquetierville
726,Anrosey
727,Ansac-sur-Vienne
728,Ansacq
729,Ansan
730,Ansauville
731,Ansauvillers
732,Anse
733,Anse-Bertrand
734,Ansignan
735,Ansost
736,Ansouis
737,Anstaing
738,Antagnac
739,Anterrieux
740,Anteuil
741,Antezant-la-Chapelle
742,Anthé
743,Anthelupt
744,Anthenay
745,Antheny
746,Antheuil
747,Antheuil-Portes
748,Anthien
749,Anthon
750,Anthy-sur-Léman
751,Antibes
752,Antichan
753,Antichan-de-Frontignes
754,Antignac
755,Antignac
756,Antigny
757,Antigny
758,Antigny-la-Ville
759,Antilly
760,Antilly
761,Antin
762,Antisanti
763,Antist
764,Antogny-le-Tillac
765,Antoigné
766,Antoingt
767,Antonne-et-Trigonant
768,Antony
769,Antran
770,Antras
771,Antras
772,Antrenas
773,Antugnac
774,Antully
775,Anvéville
776,Anvin
777,Any-Martin-Rieux
778,Anzat-le-Luguet
779,Anzeling
780,Anzême
781,Anzex
782,Anzin
783,Anzin-Saint-Aubin
784,Anzy-le-Duc
785,Aoste
786,Aougny
787,Aouste
788,Aouste-sur-Sye
789,Aouze
790,Apach
791,Apatou
792,Apchat
793,Apchon
794,Apinac
795,Appelle
796,Appenai-sous-Bellême
797,Appenans
798,Appenwihr
799,Appeville
800,Appeville-Annebault
801,Appietto
802,Appilly
803,Appoigny
804,Apprieu
805,Appy
806,Apremont
807,Apremont
808,Apremont
809,Apremont
810,Apremont
811,Apremont
812,Apremont-la-Forêt
813,Apremont-sur-Allier
814,Aprey
815,Apt
816,Arabaux
817,Arâches-la-Frasse
818,Aragnouet
819,Aragon
820,Aramits
821,Aramon
822,Aranc
823,Arancou
824,Arandas
825,Arandon-Passins
826,Araujuzon
827,Araules
828,Araux
829,Arbanats
830,Arbas
831,Arbecey
832,Arbellara
833,Arbent
834,Arbéost
835,Arbérats-Sillègue
836,Arbigny
837,Arbigny-sous-Varennes
838,Arbin
839,Arblade-le-Bas
840,Arblade-le-Haut
841,Arbois
842,Arbon
843,Arbonne
844,Arbonne-la-Forêt
845,Arboras
846,Arbori
847,Arbot
848,Arbouans
849,Arboucave
850,Arbouet-Sussaute
851,Arbourse
852,Arboussols
853,Arboys
854,Arbrissel
855,Arbus
856,Arbusigny
857,Arc-en-Barrois
858,Arc-et-Senans
859,Arc-lès-Gray
860,Arc-sous-Cicon
861,Arc-sous-Montenot
862,Arc-sur-Tille
863,Arcachon
864,Arçais
865,Arcambal
866,Arcangues
867,Arçay
868,Arçay
869,Arceau
870,Arcenant
871,Arcens
872,Arces
873,Arces-Dilo
874,Arcey
875,Arcey
876,Archail
877,Archamps
878,Archelange
879,Arches
880,Arches
881,Archettes
882,Archiac
883,Archignac
884,Archignat
885,Archigny
886,Archingeay
887,Archon
888,Arcinges
889,Arcins
890,Arcis-le-Ponsart
891,Arcis-sur-Aube
892,Arcisses
893,Arcizac-Adour
894,Arcizac-ez-Angles
895,Arcizans-Avant
896,Arcizans-Dessus
897,Arcomps
898,Arçon
899,Arcon
900,Arconcey
901,Arçonnay
902,Arconsat
903,Arconville
904,Arcueil
905,Arcy-Sainte-Restitue
906,Arcy-sur-Cure
907,Ardelles
908,Ardelu
909,Ardenais
910,Ardenay-sur-Mérize
911,Ardengost
912,Ardentes
913,Ardes
914,Ardeuil-et-Montfauxelles
915,Ardiège
916,Ardillières
917,Ardin
918,Ardizas
919,Ardoix
920,Ardon
921,Ardon
922,Ardouval
923,Ardres
924,Aregno
925,Areines
926,Arelaune-en-Seine
927,Aren
928,Arengosse
929,Arenthon
930,Arès
931,Aresches
932,Aressy
933,Arette
934,Arfeuille-Châtain
935,Arfeuilles
936,Arfons
937,Argagnon
938,Arganchy
939,Argançon
940,Argancy
941,Argein
942,Argelès-Bagnères
943,Argelès-Gazost
944,Argelès-sur-Mer
945,Argeliers
946,Argelliers
947,Argelos
948,Argelos
949,Argelouse
950,Argences
951,Argences
952,Argens-Minervois
953,Argent-sur-Sauldre
954,Argentan
955,Argentat-sur-Dordogne
956,Argentenay
957,Argenteuil
958,Argenteuil-sur-Armançon
959,Argentières
960,Argentine
961,Argenton
962,Argenton-sur-Creuse
963,Argentonnay
964,Argentré
965,Argentré-du-Plessis
966,Argenvières
967,Argenvilliers
968,Argers
969,Arget
970,Argiésans
971,Argillières
972,Argilliers
973,Argilly
974,Argis
975,Argiusta-Moriccio
976,Argol
977,Argonay
978,Argoules
979,Argueil
980,Arguel
981,Arguenos
982,Argut-Dessous
983,Argy
984,Argœuves
985,Arhansus
986,Aries-Espénan
987,Arifat
988,Arignac
989,Arinthod
990,Arith
991,Arlanc
992,Arlay
993,Arlebosc
994,Arlempdes
995,Arles
996,Arles-sur-Tech
997,Arlet
998,Arleuf
999,Arleux
1000,Arleux-en-Gohelle
1001,Arlos
1002,Armaillé
1003,Armancourt
1004,Armancourt
1005,Armaucourt
1006,Armbouts-Cappel
1007,Armeau
1008,Armendarits
1009,Armentières
1010,Armentières-en-Brie
1011,Armentières-sur-Avre
1012,Armentières-sur-Ourcq
1013,Armentieux
1014,Armes
1015,Armillac
1016,Armissan
1017,Armix
1018,Armous-et-Cau
1019,Armoy
1020,Arnac
1021,Arnac-la-Poste
1022,Arnac-Pompadour
1023,Arnac-sur-Dourdou
1024,Arnage
1025,Arnancourt
1026,Arnas
1027,Arnaud-Guilhem
1028,Arnave
1029,Arnaville
1030,Arnay-le-Duc
1031,Arnay-sous-Vitteaux
1032,Arnayon
1033,Arné
1034,Arnéguy
1035,Arnèke
1036,Arnicourt
1037,Arnières-sur-Iton
1038,Arnos
1039,Arnouville
1040,Arnouville-lès-Mantes
1041,Aroffe
1042,Aromas
1043,Aron
1044,Aroue-Ithorots-Olhaïby
1045,Aroz
1046,Arpaillargues-et-Aureillac
1047,Arpajon
1048,Arpajon-sur-Cère
1049,Arpavon
1050,Arpenans
1051,Arpheuilles
1052,Arpheuilles
1053,Arpheuilles-Saint-Priest
1054,Arphy
1055,Arquenay
1056,Arques
1057,Arques
1058,Arques
1059,Arques-la-Bataille
1060,Arquettes-en-Val
1061,Arquèves
1062,Arquian
1063,Arracourt
1064,Arradon
1065,Arraincourt
1066,Arrancourt
1067,Arrancy
1068,Arrancy-sur-Crusnes
1069,Arrans
1070,Arras
1071,Arras-en-Lavedan
1072,Arras-sur-Rhône
1073,Arrast-Larrebieu
1074,Arraute-Charritte
1075,Arraye-et-Han
1076,Arrayou-Lahitte
1077,Arre
1078,Arreau
1079,Arrelles
1080,Arrembécourt
1081,Arrènes
1082,Arrens-Marsous
1083,Arrentès-de-Corcieux
1084,Arrentières
1085,Arrest
1086,Arreux
1087,Arriance
1088,Arricau-Bordes
1089,Arrien
1090,Arrien-en-Bethmale
1091,Arrigas
1092,Arrigny
1093,Arro
1094,Arrodets
1095,Arrodets-ez-Angles
1096,Arromanches-les-Bains
1097,Arronnes
1098,Arronville
1099,Arros-de-Nay
1100,Arrosès
1101,Arrouède
1102,Arrout
1103,Arry
1104,Arry
1105,Ars
1106,Ars
1107,Ars-en-Ré
1108,Ars-Laquenexy
1109,Ars-les-Favets
1110,Ars-sur-Formans
1111,Ars-sur-Moselle
1112,Arsac
1113,Arsac-en-Velay
1114,Arsague
1115,Arsans
1116,Arsonval
1117,Arsure-Arsurette
1118,Arsy
1119,Art-sur-Meurthe
1120,Artagnan
1121,Artaise-le-Vivier
1122,Artaix
1123,Artalens-Souin
1124,Artannes-sur-Indre
1125,Artannes-sur-Thouet
1126,Artas
1127,Artassenx
1128,Artemare
1129,Artemps
1130,Artenay
1131,Arthaz-Pont-Notre-Dame
1132,Arthel
1133,Arthémonay
1134,Arthenac
1135,Arthès
1136,Arthez-d'Armagnac
1137,Arthez-d'Asson
1138,Arthez-de-Béarn
1139,Arthezé
1140,Arthies
1141,Arthon
1142,Arthonnay
1143,Arthun
1144,Artigat
1145,Artignosc-sur-Verdon
1146,Artigue
1147,Artigueloutan
1148,Artiguelouve
1149,Artiguemy
1150,Artigues
1151,Artigues
1152,Artigues
1153,Artigues
1154,Artigues-près-Bordeaux
1155,Artins
1156,Artix
1157,Artix
1158,Artolsheim
1159,Artonne
1160,Artres
1161,Artzenheim
1162,Arudy
1163,Arue
1164,Arvert
1165,Arveyres
1166,Arvière-en-Valromey
1167,Arvieu
1168,Arvieux
1169,Arvigna
1170,Arvillard
1171,Arville
1172,Arvillers
1173,Arx
1174,Arzacq-Arraziguet
1175,Arzal
1176,Arzano
1177,Arzembouy
1178,Arzenc-d'Apcher
1179,Arzenc-de-Randon
1180,Arzens
1181,Arzillières-Neuville
1182,Arzon
1183,Arzviller
1184,Asasp-Arros
1185,Ascain
1186,Ascarat
1187,Aschbach
1188,Aschères-le-Marché
1189,Asco
1190,Ascou
1191,Ascoux
1192,Ascros
1193,Asfeld
1194,Aslonnes
1195,Asnan
1196,Asnans-Beauvoisin
1197,Asnelles
1198,Asnières
1199,Asnières-en-Bessin
1200,Asnières-en-Montagne
1201,Asnières-en-Poitou
1202,Asnières-la-Giraud
1203,Asnières-lès-Dijon
1204,Asnières-sous-Bois
1205,Asnières-sur-Blour
1206,Asnières-sur-Nouère
1207,Asnières-sur-Oise
1208,Asnières-sur-Saône
1209,Asnières-sur-Seine
1210,Asnières-sur-Vègre
1211,Asnois
1212,Asnois
1213,Aspach
1214,Aspach
1215,Aspach-le-Bas
1216,Aspach-Michelbach
1217,Aspères
1218,Aspet
1219,Aspin-Aure
1220,Aspin-en-Lavedan
1221,Aspiran
1222,Aspremont
1223,Aspremont
1224,Aspres-lès-Corps
1225,Aspres-sur-Buëch
1226,Aspret-Sarrat
1227,Asprières
1228,Asque
1229,Asques
1230,Asques
1231,Asquins
1232,Assac
1233,Assainvillers
1234,Assais-les-Jumeaux
1235,Assas
1236,Assat
1237,Assay
1238,Assé-le-Bérenger
1239,Assé-le-Boisne
1240,Assé-le-Riboul
1241,Assenay
1242,Assencières
1243,Assenoncourt
1244,Assérac
1245,Assevent
1246,Assevillers
1247,Assier
1248,Assieu
1249,Assignan
1250,Assigny
1251,Assis-sur-Serre
1252,Asson
1253,Asswiller
1254,Astaffort
1255,Astaillac
1256,Asté
1257,Aste-Béon
1258,Astet
1259,Astillé
1260,Astis
1261,Aston
1262,Astugue
1263,Athée
1264,Athée
1265,Athée-sur-Cher
1266,Athesans-Étroitefontaine
1267,Athie
1268,Athie
1269,Athienville
1270,Athies
1271,Athies
1272,Athies-sous-Laon
1273,Athis
1274,Athis-Mons
1275,Athis-Val
1276,Athos-Aspis
1277,Attainville
1278,Attancourt
1279,Attenschwiller
1280,Attiches
1281,Attichy
1282,Attignat
1283,Attignat-Oncin
1284,Attignéville
1285,Attigny
1286,Attigny
1287,Attilloncourt
1288,Attilly
1289,Attin
1290,Atton
1291,Attray
1292,Attricourt
1293,Aubagnan
1294,Aubagne
1295,Aubaine
1296,Aubais
1297,Aubarède
1298,Aubas
1299,Aubazat
1300,Aubazines
1301,Aube
1302,Aube
1303,Aubéguimont
1304,Aubenas
1305,Aubenas-les-Alpes
1306,Aubenasson
1307,Aubencheul-au-Bac
1308,Aubencheul-aux-Bois
1309,Aubenton
1310,Aubepierre-Ozouer-le-Repos
1311,Aubepierre-sur-Aube
1312,Auberchicourt
1313,Aubercourt
1314,Aubergenville
1315,Aubérive
1316,Auberive
1317,Auberives-en-Royans
1318,Auberives-sur-Varèze
1319,Aubermesnil-aux-Érables
1320,Aubermesnil-Beaumais
1321,Aubers
1322,Aubertin
1323,Auberville
1324,Auberville-la-Manuel
1325,Auberville-la-Renault
1326,Aubervilliers
1327,Aubessagne
1328,Aubeterre
1329,Aubeterre-sur-Dronne
1330,Aubiac
1331,Aubiac
1332,Aubiat
1333,Aubière
1334,Aubiet
1335,Aubignan
1336,Aubignas
1337,Aubigné
1338,Aubigné
1339,Aubigné-Racan
1340,Aubigné-sur-Layon
1341,Aubignosc
1342,Aubigny
1343,Aubigny
1344,Aubigny
1345,Aubigny
1346,Aubigny-au-Bac
1347,Aubigny-aux-Kaisnes
1348,Aubigny-en-Artois
1349,Aubigny-en-Laonnois
1350,Aubigny-en-Plaine
1351,Aubigny-la-Ronce
1352,Aubigny-Les
1353,Aubigny-les-Pothées
1354,Aubigny-lès-Sombernon
1355,Aubigny-sur-Nère
1356,Aubilly
1357,Aubin
1358,Aubin
1359,Aubin-Saint-Vaast
1360,Aubinges
1361,Auboncourt-Vauzelles
1362,Aubonne
1363,Aubord
1364,Auboué
1365,Aubous
1366,Aubres
1367,Aubréville
1368,Aubrives
1369,Aubrometz
1370,Aubry-du-Hainaut
1371,Aubry-le-Panthou
1372,Aubure
1373,Aubussargues
1374,Aubusson
1375,Aubusson
1376,Aubusson-d'Auvergne
1377,Aubvillers
1378,Auby
1379,Aucaleuc
1380,Aucamville
1381,Aucamville
1382,Aucazein
1383,Aucelon
1384,Aucey-la-Plaine
1385,Auch
1386,Auchay-sur-Vendée
1387,Auchel
1388,Auchonvillers
1389,Auchy-au-Bois
1390,Auchy-la-Montagne
1391,Auchy-lès-Hesdin
1392,Auchy-les-Mines
1393,Auchy-lez-Orchies
1394,Aucun
1395,Audaux
1396,Audelange
1397,Audeloncourt
1398,Audembert
1399,Audenge
1400,Audes
1401,Audeux
1402,Audeville
1403,Audierne
1404,Audignicourt
1405,Audignies
1406,Audignon
1407,Audigny
1408,Audincourt
1409,Audincthun
1410,Audinghen
1411,Audon
1412,Audouville-la-Hubert
1413,Audrehem
1414,Audressein
1415,Audresselles
1416,Audrieu
1417,Audrix
1418,Audruicq
1419,Audun-le-Roman
1420,Audun-le-Tiche
1421,Auffargis
1422,Aufferville
1423,Auffreville-Brasseuil
1424,Auflance
1425,Auga
1426,Augan
1427,Auge
1428,Auge
1429,Augé
1430,Augea
1431,Auger-Saint-Vincent
1432,Augerans
1433,Augères
1434,Augerolles
1435,Augers-en-Brie
1436,Augerville-la-Rivière
1437,Augicourt
1438,Augignac
1439,Augirein
1440,Augisey
1441,Augnat
1442,Augnax
1443,Augne
1444,Augny
1445,Auguaise
1446,Augy
1447,Augy
1448,Augy-sur-Aubois
1449,Aujac
1450,Aujac
1451,Aujan-Mournède
1452,Aujargues
1453,Aujeurres
1454,Aujols
1455,Aulan
1456,Aulas
1457,Aulhat-Flat
1458,Aullène
1459,Aulnat
1460,Aulnay
1461,Aulnay
1462,Aulnay
1463,Aulnay-l'Aître
1464,Aulnay-la-Rivière
1465,Aulnay-sous-Bois
1466,Aulnay-sur-Iton
1467,Aulnay-sur-Marne
1468,Aulnay-sur-Mauldre
1469,Aulnois
1470,Aulnois-en-Perthois
1471,Aulnois-sous-Laon
1472,Aulnois-sur-Seille
1473,Aulnoy
1474,Aulnoy-lez-Valenciennes
1475,Aulnoy-sur-Aube
1476,Aulnoye-Aymeries
1477,Aulon
1478,Aulon
1479,Aulon
1480,Aulos-Sinsat
1481,Ault
1482,Aulus-les-Bains
1483,Aulx-lès-Cromary
1484,Aumagne
1485,Aumale
1486,Aumâtre
1487,Aumelas
1488,Auménancourt
1489,Aumerval
1490,Aumes
1491,Aumessas
1492,Aumetz
1493,Aumeville-Lestre
1494,Aumont
1495,Aumont
1496,Aumont-en-Halatte
1497,Aumur
1498,Aunac-sur-Charente
1499,Aunat
1500,Aunay-en-Bazois
1501,Aunay-les-Bois
1502,Aunay-sous-Auneau
1503,Aunay-sous-Crécy
1504,Auneau-Bleury-Saint-Symphorien
1505,Auneuil
1506,Aunou-le-Faucon
1507,Aunou-sur-Orne
1508,Auppegard
1509,Aups
1510,Auradé
1511,Auradou
1512,Auragne
1513,Auray
1514,Aure
1515,Aure
1516,Aurec-sur-Loire
1517,Aureil
1518,Aureilhan
1519,Aureilhan
1520,Aureille
1521,Aurel
1522,Aurel
1523,Aurensan
1524,Aurensan
1525,Aureville
1526,Auriac
1527,Auriac
1528,Auriac
1529,Auriac-du-Périgord
1530,Auriac-l'Église
1531,Auriac-Lagast
1532,Auriac-sur-Dropt
1533,Auriac-sur-Vendinelle
1534,Auriat
1535,Auribail
1536,Auribeau
1537,Auribeau-sur-Siagne
1538,Aurice
1539,Auriébat
1540,Aurières
1541,Aurignac
1542,Aurillac
1543,Aurimont
1544,Aurin
1545,Auriol
1546,Auriolles
1547,Aurions-Idernes
1548,Auris
1549,Aurons
1550,Auros
1551,Aurouër
1552,Auroux
1553,Aurseulles
1554,Aussac
1555,Aussac-Vadalle
1556,Ausseing
1557,Aussevielle
1558,Aussillon
1559,Aussois
1560,Ausson
1561,Aussonce
1562,Aussonne
1563,Aussos
1564,Aussurucq
1565,Autainville
1566,Autechaux
1567,Autechaux-Roide
1568,Auterive
1569,Auterive
1570,Auterive
1571,Auterrive
1572,Autet
1573,Auteuil
1574,Auteuil
1575,Autevielle-Saint-Martin-Bideren
1576,Authe
1577,Autheuil-Authouillet
1578,Autheuil-en-Valois
1579,Autheux
1580,Authevernes
1581,Authezat
1582,Authie
1583,Authie
1584,Authieule
1585,Authieux-Ratiéville
1586,Authiou
1587,Authoison
1588,Authon
1589,Authon
1590,Authon-du-Perche
1591,Authon-Ébéon
1592,Authon-la-Plaine
1593,Authou
1594,Authuille
1595,Authume
1596,Authumes
1597,Autichamp
1598,Autignac
1599,Autigny
1600,Autigny-la-Tour
1601,Autigny-le-Grand
1602,Autigny-le-Petit
1603,Autingues
1604,Autoire
1605,Autoreille
1606,Autouillet
1607,Autrac
1608,Autrans-Méaudre
1609,Autrèche
1610,Autrechêne
1611,Autrêches
1612,Autrecourt-et-Pourron
1613,Autrécourt-sur-Aire
1614,Autremencourt
1615,Autrepierre
1616,Autreppes
1617,Autreville
1618,Autreville
1619,Autréville-Saint-Lambert
1620,Autreville-sur-la-Renne
1621,Autreville-sur-Moselle
1622,Autrey
1623,Autrey
1624,Autrey-le-Vay
1625,Autrey-lès-Cerre
1626,Autrey-lès-Gray
1627,Autricourt
1628,Autruche
1629,Autruy-sur-Juine
1630,Autry
1631,Autry-Issards
1632,Autry-le-Châtel
1633,Autun
1634,Auty
1635,Auvare
1636,Auve
1637,Auvernaux
1638,Auvers
1639,Auvers
1640,Auvers-le-Hamon
1641,Auvers-Saint-Georges
1642,Auvers-sous-Montfaucon
1643,Auvers-sur-Oise
1644,Auvet-et-la-Chapelotte
1645,Auvillar
1646,Auvillars
1647,Auvillars-sur-Saône
1648,Auvillers-les-Forges
1649,Auvilliers
1650,Auvilliers-en-Gâtinais
1651,Aux
1652,Aux-Aussat
1653,Auxais
1654,Auxange
1655,Auxant
1656,Auxelles-Bas
1657,Auxelles-Haut
1658,Auxerre
1659,Auxey-Duresses
1660,Auxi-le-Château
1661,Auxon
1662,Auxon
1663,Auxonne
1664,Auxy
1665,Auxy
1666,Auzainvilliers
1667,Auzances
1668,Auzas
1669,Auzat
1670,Auzat-la-Combelle
1671,Auzebosc
1672,Auzelles
1673,Auzers
1674,Auzet
1675,Auzeville-Tolosane
1676,Auzielle
1677,Auzits
1678,Auzon
1679,Auzouer-en-Touraine
1680,Auzouville-l'Esneval
1681,Auzouville-sur-Ry
1682,Auzouville-sur-Saâne
1683,Availles-en-Châtellerault
1684,Availles-Limouzine
1685,Availles-sur-Seiche
1686,Availles-Thouarsais
1687,Avajan
1688,Avallon
1689,Avançon
1690,Avançon
1691,Avanne-Aveney
1692,Avant-lès-Marcilly
1693,Avant-lès-Ramerupt
1694,Avanton
1695,Avapessa
1696,Avaray
1697,Avaux
1698,Aveize
1699,Aveizieux
1700,Avelanges
1701,Avelesges
1702,Avelin
1703,Aveluy
1704,Avenay
1705,Avenay-Val-d'Or
1706,Avène
1707,Avensac
1708,Avensan
1709,Aventignan
1710,Averan
1711,Averdoingt
1712,Averdon
1713,Avermes
1714,Avernes
1715,Avernes-Saint-Gourgon
1716,Avéron-Bergelle
1717,Averton
1718,Avesnelles
1719,Avesnes
1720,Avesnes-Chaussoy
1721,Avesnes-en-Bray
1722,Avesnes-en-Saosnois
1723,Avesnes-en-Val
1724,Avesnes-le-Comte
1725,Avesnes-le-Sec
1726,Avesnes-les-Aubert
1727,Avesnes-lès-Bapaume
1728,Avesnes-sur-Helpe
1729,Avessac
1730,Avessé
1731,Aveux
1732,Avezac-Prat-Lahitte
1733,Avezan
1734,Avèze
1735,Avèze
1736,Avezé
1737,Avignon
1738,Avignon-lès-Saint-Claude
1739,Avignonet
1740,Avignonet-Lauragais
1741,Avillers
1742,Avillers
1743,Avillers-Sainte-Croix
1744,Avilley
1745,Avilly-Saint-Léonard
1746,Avion
1747,Avioth
1748,Avirey-Lingey
1749,Aviron
1750,Avize
1751,Avocourt
1752,Avoine
1753,Avoine
1754,Avoise
1755,Avolsheim
1756,Avon
1757,Avon
1758,Avon-la-Pèze
1759,Avon-les-Roches
1760,Avondance
1761,Avord
1762,Avosnes
1763,Avot
1764,Avoudrey
1765,Avrainville
1766,Avrainville
1767,Avrainville
1768,Avranches
1769,Avranville
1770,Avrechy
1771,Avrecourt
1772,Avrée
1773,Avremesnil
1774,Avressieux
1775,Avreuil
1776,Avricourt
1777,Avricourt
1778,Avricourt
1779,Avrieux
1780,Avrigney-Virey
1781,Avrigny
1782,Avril
1783,Avril-sur-Loire
1784,Avrillé
1785,Avrillé
1786,Avrillé-les-Ponceaux
1787,Avrilly
1788,Avrilly
1789,Avroult
1790,Avy
1791,Awala-Yalimapo
1792,Awoingt
1793,Ax-les-Thermes
1794,Axat
1795,Axiat
1796,Aÿ-Champagne
1797,Ay-sur-Moselle
1798,Ayat-sur-Sioule
1799,Aydat
1800,Aydie
1801,Aydius
1802,Aydoilles
1803,Ayen
1804,Ayencourt
1805,Ayette
1806,Ayguatébia-Talau
1807,Ayguemorte-les-Graves
1808,Ayguesvives
1809,Ayguetinte
1810,Ayherre
1811,Ayn
1812,Aynac
1813,Ayrens
1814,Ayron
1815,Ayros-Arbouix
1816,Ayse
1817,Ayssènes
1818,Aytré
1819,Ayzac-Ost
1820,Ayzieu
1821,Azannes-et-Soumazannes
1822,Azas
1823,Azat-Châtenet
1824,Azat-le-Ris
1825,Azay-le-Brûlé
1826,Azay-le-Ferron
1827,Azay-le-Rideau
1828,Azay-sur-Cher
1829,Azay-sur-Indre
1830,Azay-sur-Thouet
1831,Azé
1832,Azé
1833,Azelot
1834,Azerables
1835,Azerailles
1836,Azerat
1837,Azérat
1838,Azereix
1839,Azet
1840,Azeville
1841,Azillanet
1842,Azille
1843,Azilone-Ampaza
1844,Azincourt
1845,Azolette
1846,Azoudange
1847,Azur
1848,Azy
1849,Azy-le-Vif
1850,Azy-sur-Marne
1851,Azzana
1852,Baâlon
1853,Baâlons
1854,Babeau-Bouldoux
1855,Baby
1856,Babœuf
1857,Baccarat
1858,Baccon
1859,Bach
1860,Bachant
1861,Bachas
1862,Bachos
1863,Bachy
1864,Bacilly
1865,Baconnes
1866,Bacouël
1867,Bacouel-sur-Selle
1868,Bacourt
1869,Bacquepuis
1870,Bacqueville
1871,Bacqueville-en-Caux
1872,Badailhac
1873,Badaroux
1874,Badecon-le-Pin
1875,Badefols-d'Ans
1876,Badefols-sur-Dordogne
1877,Baden
1878,Badens
1879,Badevel
1880,Badménil-aux-Bois
1881,Badonviller
1882,Badonvilliers-Gérauvilliers
1883,Baerendorf
1884,Baerenthal
1885,Baffie
1886,Bagard
1887,Bagas
1888,Bâgé-Dommartin
1889,Bâgé-le-Châtel
1890,Bagert
1891,Bages
1892,Bages
1893,Bagiry
1894,Bagnac-sur-Célé
1895,Bagneaux
1896,Bagneaux-sur-Loing
1897,Bagnères-de-Bigorre
1898,Bagnères-de-Luchon
1899,Bagneux
1900,Bagneux
1901,Bagneux
1902,Bagneux
1903,Bagneux
1904,Bagneux
1905,Bagneux-la-Fosse
1906,Bagnizeau
1907,Bagnoles
1908,Bagnoles
1909,Bagnolet
1910,Bagnols
1911,Bagnols
1912,Bagnols-en-Forêt
1913,Bagnols-sur-Cèze
1914,Bagnot
1915,Baguer-Morvan
1916,Baguer-Pican
1917,Baho
1918,Bahus-Soubiran
1919,Baie-Mahault
1920,Baigneaux
1921,Baigneaux
1922,Baignes
1923,Baignes-Sainte-Radegonde
1924,Baigneux-les-Juifs
1925,Baigts
1926,Baigts-de-Béarn
1927,Baillargues
1928,Bailleau-Armenonville
1929,Bailleau-l'Évêque
1930,Bailleau-le-Pin
1931,Baillestavy
1932,Baillet-en-France
1933,Bailleul
1934,Bailleul
1935,Bailleul
1936,Bailleul-aux-Cornailles
1937,Bailleul-la-Vallée
1938,Bailleul-le-Soc
1939,Bailleul-lès-Pernes
1940,Bailleul-Neuville
1941,Bailleul-Sir-Berthoult
1942,Bailleul-sur-Thérain
1943,Bailleulmont
1944,Bailleulval
1945,Bailleval
1946,Baillif
1947,Baillolet
1948,Baillou
1949,Bailly
1950,Bailly
1951,Bailly-aux-Forges
1952,Bailly-en-Rivière
1953,Bailly-le-Franc
1954,Bailly-Romainvilliers
1955,Bain-de-Bretagne
1956,Baincthun
1957,Bainghen
1958,Bains
1959,Bains-sur-Oust
1960,Bainville-aux-Miroirs
1961,Bainville-aux-Saules
1962,Bainville-sur-Madon
1963,Bairols
1964,Bairon
1965,Bais
1966,Bais
1967,Baisieux
1968,Baissey
1969,Baives
1970,Baix
1971,Baixas
1972,Baizieux
1973,Bajamont
1974,Bajonnette
1975,Bajus
1976,Balacet
1977,Baladou
1978,Balagny-sur-Thérain
1979,Balaguères
1980,Balaguier-d'Olt
1981,Balaguier-sur-Rance
1982,Balaiseaux
1983,Balan
1984,Balan
1985,Balanod
1986,Balansun
1987,Balanzac
1988,Balaruc-le-Vieux
1989,Balaruc-les-Bains
1990,Balâtre
1991,Balazé
1992,Balazuc
1993,Balbigny
1994,Balbronn
1995,Baldenheim
1996,Baldersheim
1997,Baleix
1998,Balesta
1999,Baleyssagues
2000,Balgau
2001,Balham
2002,Balignac
2003,Balignicourt
2004,Bâlines
2005,Balinghem
2006,Baliracq-Maumusson
2007,Baliros
2008,Balizac
2009,Ballainvilliers
2010,Ballaison
2011,Ballan-Miré
2012,Ballancourt-sur-Essonne
2013,Ballans
2014,Ballay
2015,Balledent
2016,Balleroy-sur-Drôme
2017,Ballersdorf
2018,Balléville
2019,Ballon
2020,Ballon-Saint
2021,Ballons
2022,Ballore
2023,Ballots
2024,Balloy
2025,Balma
2026,Balnot-la-Grange
2027,Balnot-sur-Laignes
2028,Balogna
2029,Balot
2030,Balschwiller
2031,Balsièges
2032,Baltzenheim
2033,Balzac
2034,Bambecque
2035,Bambiderstroff
2036,Ban-de-Laveline
2037,Ban-de-Sapt
2038,Ban-sur-Meurthe-Clefcy
2039,Banassac-Canilhac
2040,Banca
2041,Bancigny
2042,Bancourt
2043,Bandol
2044,Bandraboua
2045,Bandrele
2046,Baneins
2047,Baneuil
2048,Bangor
2049,Banios
2050,Banize
2051,Bannalec
2052,Bannans
2053,Bannay
2054,Bannay
2055,Bannay
2056,Banne
2057,Bannegon
2058,Bannes
2059,Bannes
2060,Bannes
2061,Bannes
2062,Banneville-la-Campagne
2063,Bannières
2064,Bannoncourt
2065,Bannost-Villegagnon
2066,Banogne-Recouvrance
2067,Banon
2068,Banos
2069,Bans
2070,Bansat
2071,Bantanges
2072,Banteux
2073,Banthelu
2074,Bantheville
2075,Bantigny
2076,Bantouzelle
2077,Bantzenheim
2078,Banvillars
2079,Banville
2080,Banvou
2081,Banyuls-dels-Aspres
2082,Banyuls-sur-Mer
2083,Baon
2084,Baons-le-Comte
2085,Bapaume
2086,Bar
2087,Bar-le-Duc
2088,Bar-lès-Buzancy
2089,Bar-sur-Aube
2090,Bar-sur-Seine
2091,Baracé
2092,Baraigne
2093,Baraize
2094,Baralle
2095,Baraqueville
2096,Barastre
2097,Baratier
2098,Barbachen
2099,Barbaggio
2100,Barbaira
2101,Barbaise
2102,Barbas
2103,Barbaste
2104,Barbâtre
2105,Barbazan
2106,Barbazan-Debat
2107,Barbazan-Dessus
2108,Barbentane
2109,Barberaz
2110,Barberey-Saint-Sulpice
2111,Barberier
2112,Barbery
2113,Barbery
2114,Barbeville
2115,Barbey
2116,Barbey-Seroux
2117,Barbezières
2118,Barbezieux-Saint-Hilaire
2119,Barbières
2120,Barbirey-sur-Ouche
2121,Barbizon
2122,Barbonne-Fayel
2123,Barbonville
2124,Barbuise
2125,Barby
2126,Barby
2127,Barc
2128,Barcelonne
2129,Barcelonne-du-Gers
2130,Barcelonnette
2131,Barchain
2132,Barcillonnette
2133,Barcugnan
2134,Barcus
2135,Barcy
2136,Bard
2137,Bard-le-Régulier
2138,Bard-lès-Époisses
2139,Bard-lès-Pesmes
2140,Bardenac
2141,Bardigues
2142,Bardos
2143,Bardou
2144,Bardouville
2145,Barèges
2146,Bareilles
2147,Barembach
2148,Baren
2149,Barentin
2150,Barenton
2151,Barenton-Bugny
2152,Barenton-Cel
2153,Barenton-sur-Serre
2154,Barésia-sur-l'Ain
2155,Barfleur
2156,Bargème
2157,Bargemon
2158,Barges
2159,Barges
2160,Barges
2161,Bargny
2162,Barguelonne-en-Quercy
2163,Barie
2164,Barinque
2165,Barisey-au-Plain
2166,Barisey-la-Côte
2167,Barisis-aux-Bois
2168,Barizey
2169,Barjac
2170,Barjac
2171,Barjac
2172,Barjols
2173,Barjon
2174,Barjouville
2175,Barles
2176,Barlest
2177,Barleux
2178,Barlieu
2179,Barlin
2180,Barly
2181,Barly
2182,Barmainville
2183,Barnas
2184,Barnave
2185,Barnay
2186,Barneville-Carteret
2187,Barneville-la-Bertran
2188,Barneville-sur-Seine
2189,Baromesnil
2190,Baron
2191,Baron
2192,Baron
2193,Baron
2194,Baron-sur-Odon
2195,Baronville
2196,Barou-en-Auge
2197,Baroville
2198,Barquet
2199,Barr
2200,Barrais-Bussolles
2201,Barran
2202,Barrancoueu
2203,Barras
2204,Barraute-Camu
2205,Barraux
2206,Barre
2207,Barre-des-Cévennes
2208,Barrême
2209,Barret
2210,Barret-de-Lioure
2211,Barret-sur-Méouge
2212,Barretaine
2213,Barrettali
2214,Barriac-les-Bosquets
2215,Barro
2216,Barrou
2217,Barry
2218,Barry-d'Islemade
2219,Bars
2220,Bars
2221,Barsac
2222,Barsac
2223,Barst
2224,Bart
2225,Bartenheim
2226,Barthe
2227,Bartherans
2228,Bartrès
2229,Barville
2230,Barville
2231,Barville
2232,Barville-en-Gâtinais
2233,Barzan
2234,Barzun
2235,Barzy-en-Thiérache
2236,Barzy-sur-Marne
2237,Bas-en-Basset
2238,Bas-et-Lezat
2239,Bas-Lieu
2240,Bas-Mauco
2241,Bascons
2242,Bascous
2243,Baslieux
2244,Baslieux-lès-Fismes
2245,Baslieux-sous-Châtillon
2246,Basly
2247,Bassac
2248,Bassan
2249,Bassanne
2250,Basse-Goulaine
2251,Basse-Ham
2252,Basse-Pointe
2253,Basse-Rentgen
2254,Basse-sur-le-Rupt
2255,Basse-Terre
2256,Bassemberg
2257,Basseneville
2258,Bassens
2259,Bassens
2260,Bassercles
2261,Basses
2262,Basseux
2263,Bassevelle
2264,Bassignac
2265,Bassignac-le-Bas
2266,Bassignac-le-Haut
2267,Bassigney
2268,Bassillac
2269,Bassillon-Vauzé
2270,Bassing
2271,Bassoles-Aulers
2272,Bassoncourt
2273,Bassou
2274,Bassoues
2275,Bassu
2276,Bassuet
2277,Bassurels
2278,Bassussarry
2279,Bassy
2280,Bastanès
2281,Bastelica
2282,Bastelicaccia
2283,Bastennes
2284,Bastia
2285,Basville
2286,Bathelémont
2287,Bathernay
2288,Batilly
2289,Batilly-en-Gâtinais
2290,Batilly-en-Puisaye
2291,Bats
2292,Batsère
2293,Battenans-les-Mines
2294,Battenans-Varin
2295,Battenheim
2296,Battexey
2297,Battigny
2298,Battrans
2299,Batz-sur-Mer
2300,Batzendorf
2301,Baubigny
2302,Baubigny
2303,Baud
2304,Baudement
2305,Baudemont
2306,Baudignan
2307,Baudinard-sur-Verdon
2308,Baudoncourt
2309,Baudonvilliers
2310,Baudre
2311,Baudrecourt
2312,Baudrecourt
2313,Baudreix
2314,Baudrémont
2315,Baudres
2316,Baudreville
2317,Baudricourt
2318,Baudrières
2319,Bauduen
2320,Baugé-en-Anjou
2321,Baugy
2322,Baugy
2323,Baugy
2324,Baulay
2325,Baule
2326,Baulme-la-Roche
2327,Baulne
2328,Baulny
2329,Baulon
2330,Baulou
2331,Baume-les-Dames
2332,Baume-les-Messieurs
2333,Baupte
2334,Baurech
2335,Bauvin
2336,Bauzemont
2337,Bauzy
2338,Bavans
2339,Bavay
2340,Bavelincourt
2341,Bavent
2342,Baverans
2343,Bavilliers
2344,Bavinchove
2345,Bavincourt
2346,Bax
2347,Bay
2348,Bay-sur-Aube
2349,Bayac
2350,Bayard-sur-Marne
2351,Bayas
2352,Baye
2353,Baye
2354,Bayecourt
2355,Bayel
2356,Bayencourt
2357,Bayenghem-lès-Éperlecques
2358,Bayenghem-lès-Seninghem
2359,Bayet
2360,Bayeux
2361,Bayon
2362,Bayon-sur-Gironde
2363,Bayonne
2364,Bayons
2365,Bayonville
2366,Bayonville-sur-Mad
2367,Bayonvillers
2368,Bazac
2369,Bazaiges
2370,Bazailles
2371,Bazainville
2372,Bazancourt
2373,Bazancourt
2374,Bazarnes
2375,Bazas
2376,Bazauges
2377,Bazegney
2378,Bazeilles
2379,Bazeilles-sur-Othain
2380,Bazelat
2381,Bazemont
2382,Bazens
2383,Bazentin
2384,Bazenville
2385,Bazet
2386,Bazian
2387,Bazicourt
2388,Baziège
2389,Bazien
2390,Bazillac
2391,Bazincourt-sur-Epte
2392,Bazincourt-sur-Saulx
2393,Bazinghen
2394,Bazinval
2395,Bazoches
2396,Bazoches-au-Houlme
2397,Bazoches-en-Dunois
2398,Bazoches-et-Saint-Thibaut
2399,Bazoches-lès-Bray
2400,Bazoches-les-Gallerandes
2401,Bazoches-les-Hautes
2402,Bazoches-sur-Guyonne
2403,Bazoches-sur-Hoëne
2404,Bazoches-sur-le-Betz
2405,Bazoges-en-Paillers
2406,Bazoges-en-Pareds
2407,Bazoilles-et-Ménil
2408,Bazoilles-sur-Meuse
2409,Bazolles
2410,Bazoncourt
2411,Bazoques
2412,Bazordan
2413,Bazougers
2414,Bazouges
2415,Bazouges-la-Pérouse
2416,Bazuel
2417,Bazugues
2418,Bazus
2419,Bazus-Aure
2420,Bazus-Neste
2421,Béalcourt
2422,Béalencourt
2423,Béard
2424,Béard-Géovreissiat
2425,Beaubec-la-Rosière
2426,Beaubery
2427,Beaubray
2428,Beaucaire
2429,Beaucaire
2430,Beaucamps-le-Jeune
2431,Beaucamps-le-Vieux
2432,Beaucamps-Ligny
2433,Beaucé
2434,Beauce
2435,Beaucens
2436,Beauchalot
2437,Beauchamp
2438,Beauchamps
2439,Beauchamps
2440,Beauchamps-sur-Huillard
2441,Beauchastel
2442,Beauche
2443,Beauchemin
2444,Beauchêne
2445,Beauchery-Saint-Martin
2446,Beauclair
2447,Beaucoudray
2448,Beaucourt
2449,Beaucourt-en-Santerre
2450,Beaucourt-sur-l'Ancre
2451,Beaucourt-sur-l'Hallue
2452,Beaucouzé
2453,Beaucroissant
2454,Beaudéan
2455,Beaudéduit
2456,Beaudignies
2457,Beaudricourt
2458,Beaufai
2459,Beaufay
2460,Beauficel
2461,Beauficel-en-Lyons
2462,Beaufin
2463,Beaufort
2464,Beaufort
2465,Beaufort
2466,Beaufort
2467,Beaufort
2468,Beaufort-Blavincourt
2469,Beaufort-en-Anjou
2470,Beaufort-en-Argonne
2471,Beaufort-en-Santerre
2472,Beaufort-Orbagna
2473,Beaufort-sur-Gervanne
2474,Beaufou
2475,Beaufour-Druval
2476,Beaufremont
2477,Beaugas
2478,Beaugeay
2479,Beaugency
2480,Beaugies-sous-Bois
2481,Beaujeu
2482,Beaujeu
2483,Beaujeu-Saint-Vallier-Pierrejux-et-Quitteur
2484,Beaulencourt
2485,Beaulieu
2486,Beaulieu
2487,Beaulieu
2488,Beaulieu
2489,Beaulieu
2490,Beaulieu
2491,Beaulieu
2492,Beaulieu
2493,Beaulieu
2494,Beaulieu
2495,Beaulieu-en-Argonne
2496,Beaulieu-les-Fontaines
2497,Beaulieu-lès-Loches
2498,Beaulieu-sous-la-Roche
2499,Beaulieu-sous-Parthenay
2500,Beaulieu-sur-Dordogne
2501,Beaulieu-sur-Layon
2502,Beaulieu-sur-Loire
2503,Beaulieu-sur-Mer
2504,Beaulieu-sur-Oudon
2505,Beaulieu-sur-Sonnette
2506,Beaulon
2507,Beaumais
2508,Beaumarchés
2509,Beaumé
2510,Beauménil
2511,Beaumerie-Saint-Martin
2512,Beaumes-de-Venise
2513,Beaumesnil
2514,Beaumettes
2515,Beaumetz
2516,Beaumetz-lès-Aire
2517,Beaumetz-lès-Cambrai
2518,Beaumetz-lès-Loges
2519,Beaumont
2520,Beaumont
2521,Beaumont
2522,Beaumont
2523,Beaumont
2524,Beaumont
2525,Beaumont
2526,Beaumont
2527,Beaumont
2528,Beaumont-de-Lomagne
2529,Beaumont-de-Pertuis
2530,Beaumont-du-Gâtinais
2531,Beaumont-du-Lac
2532,Beaumont-du-Ventoux
2533,Beaumont-en-Argonne
2534,Beaumont-en-Auge
2535,Beaumont-en-Beine
2536,Beaumont-en-Cambrésis
2537,Beaumont-en-Diois
2538,Beaumont-en-Verdunois
2539,Beaumont-en-Véron
2540,Beaumont-Hamel
2541,Beaumont-la-Ferrière
2542,Beaumont-le-Hareng
2543,Beaumont-le-Roger
2544,Beaumont-les-Autels
2545,Beaumont-lès-Randan
2546,Beaumont-lès-Valence
2547,Beaumont-Louestault
2548,Beaumont-Monteux
2549,Beaumont-Pied-de-Bœuf
2550,Beaumont-Pied-de-Bœuf
2551,Beaumont-Sardolles
2552,Beaumont-sur-Dême
2553,Beaumont-sur-Grosne
2554,Beaumont-sur-Lèze
2555,Beaumont-sur-Oise
2556,Beaumont-sur-Sarthe
2557,Beaumont-sur-Vesle
2558,Beaumont-sur-Vingeanne
2559,Beaumont-Village
2560,Beaumontel
2561,Beaumontois
2562,Beaumotte-Aubertans
2563,Beaumotte-lès-Pin
2564,Beaunay
2565,Beaune
2566,Beaune-d'Allier
2567,Beaune-la-Rolande
2568,Beaune-sur-Arzon
2569,Beaunotte
2570,Beaupont
2571,Beaupouyet
2572,Beaupréau-en-Mauges
2573,Beaupuy
2574,Beaupuy
2575,Beaupuy
2576,Beaupuy
2577,Beauquesne
2578,Beaurain
2579,Beaurains
2580,Beaurains-lès-Noyon
2581,Beaurainville
2582,Beaurecueil
2583,Beauregard
2584,Beauregard
2585,Beauregard-Baret
2586,Beauregard-de-Terrasson
2587,Beauregard-et-Bassac
2588,Beauregard-l'Évêque
2589,Beauregard-Vendon
2590,Beaurepaire
2591,Beaurepaire
2592,Beaurepaire
2593,Beaurepaire
2594,Beaurepaire-en-Bresse
2595,Beaurepaire-sur-Sambre
2596,Beaurevoir
2597,Beaurières
2598,Beaurieux
2599,Beaurieux
2600,Beauronne
2601,Beausemblant
2602,Beausite
2603,Beausoleil
2604,Beaussais-sur-Mer
2605,Beaussais-Vitré
2606,Beaussault
2607,Beauteville
2608,Beautheil-Saints
2609,Beautiran
2610,Beautor
2611,Beautot
2612,Beauvain
2613,Beauvais
2614,Beauvais-sur-Matha
2615,Beauvais-sur-Tescou
2616,Beauval
2617,Beauval-en-Caux
2618,Beauvallon
2619,Beauvallon
2620,Beauvène
2621,Beauvernois
2622,Beauvezer
2623,Beauville
2624,Beauville
2625,Beauvilliers
2626,Beauvilliers
2627,Beauvoir
2628,Beauvoir
2629,Beauvoir
2630,Beauvoir
2631,Beauvoir-de-Marc
2632,Beauvoir-en-Lyons
2633,Beauvoir-en-Royans
2634,Beauvoir-sur-Mer
2635,Beauvoir-sur-Niort
2636,Beauvoir-Wavans
2637,Beauvois
2638,Beauvois-en-Cambrésis
2639,Beauvois-en-Vermandois
2640,Beauvoisin
2641,Beauvoisin
2642,Beaux
2643,Beauzac
2644,Beauzelle
2645,Beauziac
2646,Bébing
2647,Beblenheim
2648,Bec-de-Mortagne
2649,Beccas
2650,Béceleuf
2651,Béchamps
2652,Bécherel
2653,Bécheresse
2654,Béchy
2655,Bécon-les-Granits
2656,Bécordel-Bécourt
2657,Bécourt
2658,Becquigny
2659,Becquigny
2660,Bédarieux
2661,Bédarrides
2662,Beddes
2663,Bédéchan
2664,Bédée
2665,Bédeilhac-et-Aynat
2666,Bédeille
2667,Bédeille
2668,Bedenac
2669,Bédoin
2670,Bédouès-Cocurès
2671,Bedous
2672,Béduer
2673,Beffes
2674,Beffia
2675,Beffu-et-le-Morthomme
2676,Bégaar
2677,Bégadan
2678,Béganne
2679,Bégard
2680,Bègles
2681,Begnécourt
2682,Bégole
2683,Bégrolles-en-Mauges
2684,Bègues
2685,Béguey
2686,Béguios
2687,Béhagnies
2688,Béhasque-Lapiste
2689,Béhen
2690,Béhencourt
2691,Béhéricourt
2692,Behonne
2693,Béhorléguy
2694,Béhoust
2695,Behren-lès-Forbach
2696,Béhuard
2697,Beignon
2698,Beillé
2699,Beine
2700,Beine-Nauroy
2701,Beinheim
2702,Beire-le-Châtel
2703,Beire-le-Fort
2704,Beissat
2705,Bel-Air-Val-d'Ance
2706,Bélâbre
2707,Belan-sur-Ource
2708,Bélarga
2709,Bélaye
2710,Belberaud
2711,Belbeuf
2712,Belbèze-de-Lauragais
2713,Belbèze-en-Comminges
2714,Belbèze-en-Lomagne
2715,Belcaire
2716,Belcastel
2717,Belcastel
2718,Belcastel-et-Buc
2719,Belcodène
2720,Bélesta
2721,Bélesta
2722,Bélesta-en-Lauragais
2723,Beleymas
2724,Belfahy
2725,Belfays
2726,Belflou
2727,Belfonds
2728,Belforêt-en-Perche
2729,Belfort
2730,Belfort-du-Quercy
2731,Belfort-sur-Rebenty
2732,Belgeard
2733,Belgentier
2734,Belgodère
2735,Belhade
2736,Belhomert-Guéhouville
2737,Béligneux
2738,Belin-Béliet
2739,Bélis
2740,Bellac
2741,Bellaffaire
2742,Bellaing
2743,Bellancourt
2744,Bellange
2745,Bellavilliers
2746,Belle
2747,Belle-Église
2748,Belle-et-Houllefort
2749,Belle-Isle-en-Terre
2750,Belleau
2751,Belleau
2752,Bellebat
2753,Bellebrune
2754,Bellechassagne
2755,Bellechaume
2756,Bellecombe
2757,Bellecombe-en-Bauges
2758,Bellecombe-Tarendol
2759,Bellefond
2760,Bellefond
2761,Bellefonds
2762,Bellefont-La
2763,Bellefontaine
2764,Bellefontaine
2765,Bellefontaine
2766,Bellefontaine
2767,Bellefosse
2768,Bellegarde
2769,Bellegarde
2770,Bellegarde
2771,Bellegarde-du-Razès
2772,Bellegarde-en-Diois
2773,Bellegarde-en-Forez
2774,Bellegarde-en-Marche
2775,Bellegarde-Marsal
2776,Bellegarde-Poussieu
2777,Bellegarde-Sainte-Marie
2778,Belleherbe
2779,Bellemagny
2780,Bellême
2781,Bellenaves
2782,Bellencombre
2783,Belleneuve
2784,Bellenglise
2785,Bellengreville
2786,Bellengreville
2787,Bellenod-sur-Seine
2788,Bellenot-sous-Pouilly
2789,Belleray
2790,Bellerive-sur-Allier
2791,Belleroche
2792,Belles-Forêts
2793,Belleserre
2794,Bellesserre
2795,Belleu
2796,Belleuse
2797,Bellevaux
2798,Bellevesvre
2799,Bellevigne
2800,Bellevigne-en-Layon
2801,Bellevigne-les-Châteaux
2802,Bellevigny
2803,Belleville
2804,Belleville-en-Beaujolais
2805,Belleville-en-Caux
2806,Belleville-et-Châtillon-sur-Bar
2807,Belleville-sur-Loire
2808,Belleville-sur-Meuse
2809,Bellevue-la-Montagne
2810,Belley
2811,Belleydoux
2812,Bellicourt
2813,Bellignat
2814,Bellignies
2815,Bellinghem
2816,Belloc
2817,Belloc-Saint-Clamens
2818,Bellocq
2819,Bellon
2820,Bellonne
2821,Bellot
2822,Bellou-en-Houlme
2823,Bellou-le-Trichard
2824,Belloy
2825,Belloy-en-France
2826,Belloy-en-Santerre
2827,Belloy-Saint-Léonard
2828,Belloy-sur-Somme
2829,Belluire
2830,Belmesnil
2831,Belmont
2832,Belmont
2833,Belmont
2834,Belmont
2835,Belmont
2836,Belmont
2837,Belmont
2838,Belmont-Bretenoux
2839,Belmont-d'Azergues
2840,Belmont-de-la-Loire
2841,Belmont-lès-Darney
2842,Belmont-Sainte-Foi
2843,Belmont-sur-Buttant
2844,Belmont-sur-Rance
2845,Belmont-sur-Vair
2846,Belmont-Tramonet
2847,Belonchamp
2848,Belpech
2849,Belrain
2850,Belrupt
2851,Belrupt-en-Verdunois
2852,Belsentes
2853,Bélus
2854,Belval
2855,Belval
2856,Belval
2857,Belval-Bois-des-Dames
2858,Belval-en-Argonne
2859,Belval-sous-Châtillon
2860,Belvédère
2861,Belvédère-Campomoro
2862,Belverne
2863,Belvès-de-Castillon
2864,Belvèze
2865,Belvèze-du-Razès
2866,Belvézet
2867,Belvianes-et-Cavirac
2868,Belvis
2869,Belvoir
2870,Belz
2871,Bémécourt
2872,Bénac
2873,Bénac
2874,Benagues
2875,Benais
2876,Bénaix
2877,Bénaménil
2878,Bénarville
2879,Benay
2880,Benayes
2881,Bendejun
2882,Bendorf
2883,Bénéjacq
2884,Benerville-sur-Mer
2885,Bénesse-lès-Dax
2886,Bénesse-Maremne
2887,Benest
2888,Bénestroff
2889,Bénesville
2890,Benet
2891,Beneuvre
2892,Bénévent-l'Abbaye
2893,Beney-en-Woëvre
2894,Benfeld
2895,Bengy-sur-Craon
2896,Bénifontaine
2897,Béning-lès-Saint-Avold
2898,Bénivay-Ollon
2899,Bennecourt
2900,Benney
2901,Bennwihr
2902,Bénodet
2903,Benoisey
2904,Benoîtville
2905,Benon
2906,Bénonces
2907,Bénouville
2908,Bénouville
2909,Benque
2910,Benque-Dessous-et-Dessus
2911,Benqué-Molère
2912,Benquet
2913,Bentayou-Sérée
2914,Bény
2915,Bény-sur-Mer
2916,Béon
2917,Béon
2918,Béost
2919,Bérat
2920,Béraut
2921,Berbérust-Lias
2922,Berbezit
2923,Berbiguières
2924,Bercenay-en-Othe
2925,Bercenay-le-Hayer
2926,Berche
2927,Berchères-les-Pierres
2928,Berchères-Saint-Germain
2929,Berchères-sur-Vesgre
2930,Berck
2931,Bercloux
2932,Berd'huis
2933,Berdoues
2934,Bérelles
2935,Bérengeville-la-Campagne
2936,Berentzwiller
2937,Bérenx
2938,Béréziat
2939,Berfay
2940,Berg
2941,Berg-sur-Moselle
2942,Berganty
2943,Bergbieten
2944,Bergerac
2945,Bergères
2946,Bergères-lès-Vertus
2947,Bergères-sous-Montmirail
2948,Bergesserin
2949,Bergheim
2950,Bergholtz
2951,Bergholtzzell
2952,Bergicourt
2953,Bergnicourt
2954,Bergonne
2955,Bergouey
2956,Bergouey-Viellenave
2957,Bergueneuse
2958,Bergues
2959,Bergues-sur-Sambre
2960,Berhet
2961,Bérig-Vintrange
2962,Bérigny
2963,Berjou
2964,Berlaimont
2965,Berlancourt
2966,Berlancourt
2967,Berlats
2968,Berlencourt-le-Cauroy
2969,Berles-au-Bois
2970,Berles-Monchel
2971,Berling
2972,Berlise
2973,Berlou
2974,Bermerain
2975,Berméricourt
2976,Bermeries
2977,Bermering
2978,Bermesnil
2979,Bermicourt
2980,Bermont
2981,Bernac
2982,Bernac
2983,Bernac-Debat
2984,Bernac-Dessus
2985,Bernadets
2986,Bernadets-Debat
2987,Bernadets-Dessus
2988,Bernardswiller
2989,Bernardvillé
2990,Bernâtre
2991,Bernaville
2992,Bernay
2993,Bernay-en-Ponthieu
2994,Bernay-Neuvy-en-Champagne
2995,Bernay-Saint-Martin
2996,Bernay-Vilbert
2997,Berné
2998,Bernécourt
2999,Bernède
3000,Bernes
3001,Bernes-sur-Oise
3002,Bernesq
3003,Berneuil
3004,Berneuil
3005,Berneuil
3006,Berneuil
3007,Berneuil-en-Bray
3008,Berneuil-sur-Aisne
3009,Berneville
3010,Bernex
3011,Bernienville
3012,Bernières
3013,Bernières-d'Ailly
3014,Bernières-sur-Mer
3015,Bernieulles
3016,Bernin
3017,Bernis
3018,Bernolsheim
3019,Bernon
3020,Bernos-Beaulac
3021,Bernot
3022,Bernouil
3023,Bernouville
3024,Bernwiller
3025,Berny-en-Santerre
3026,Berny-Rivière
3027,Bérou-la-Mulotière
3028,Berrac
3029,Berre-l'Étang
3030,Berre-les-Alpes
3031,Berriac
3032,Berrias-et-Casteljau
3033,Berric
3034,Berrie
3035,Berrien
3036,Berrieux
3037,Berrogain-Laruns
3038,Berru
3039,Berrwiller
3040,Berry-au-Bac
3041,Berry-Bouy
3042,Bersac-sur-Rivalier
3043,Bersaillin
3044,Bersée
3045,Bersillies
3046,Berson
3047,Berstett
3048,Berstheim
3049,Bert
3050,Bertangles
3051,Bertaucourt-Epourdon
3052,Berteaucourt-les-Dames
3053,Berteaucourt-lès-Thennes
3054,Bertheauville
3055,Berthecourt
3056,Berthegon
3057,Berthelange
3058,Berthelming
3059,Berthen
3060,Berthenay
3061,Berthenicourt
3062,Berthez
3063,Bertholène
3064,Berthouville
3065,Bertignat
3066,Bertignolles
3067,Bertincourt
3068,Bertoncourt
3069,Bertrambois
3070,Bertrancourt
3071,Bertrange
3072,Bertre
3073,Bertren
3074,Bertreville
3075,Bertreville-Saint-Ouen
3076,Bertric-Burée
3077,Bertrichamps
3078,Bertricourt
3079,Bertrimont
3080,Bertrimoutier
3081,Bertry
3082,Béru
3083,Béruges
3084,Bérulle
3085,Bérus
3086,Berville
3087,Berville-en-Caux
3088,Berville-la-Campagne
3089,Berville-sur-Mer
3090,Berville-sur-Seine
3091,Berviller-en-Moselle
3092,Berzé-la-Ville
3093,Berzé-le-Châtel
3094,Berzème
3095,Berzieux
3096,Berzy-le-Sec
3097,Besain
3098,Besançon
3099,Bésayes
3100,Bescat
3101,Bésignan
3102,Bésingrand
3103,Beslon
3104,Besmé
3105,Besmont
3106,Besnans
3107,Besné
3108,Besneville
3109,Besny-et-Loizy
3110,Bessac
3111,Bessais-le-Fromental
3112,Bessamorel
3113,Bessan
3114,Bessancourt
3115,Bessans
3116,Bessas
3117,Bessay
3118,Bessay-sur-Allier
3119,Besse
3120,Bessé
3121,Besse
3122,Besse
3123,Besse-et-Saint-Anastaise
3124,Bessé-sur-Braye
3125,Besse-sur-Issole
3126,Bessède-de-Sault
3127,Bessèges
3128,Bessenay
3129,Bessens
3130,Besset
3131,Bessey
3132,Bessey-en-Chaume
3133,Bessey-la-Cour
3134,Bessey-lès-Cîteaux
3135,Bessières
3136,Bessines
3137,Bessines-sur-Gartempe
3138,Bessins
3139,Besson
3140,Bessoncourt
3141,Bessonies
3142,Bessuéjouls
3143,Bessy
3144,Bessy-sur-Cure
3145,Bestiac
3146,Bétaille
3147,Betaucourt
3148,Betbèze
3149,Betbezer-d'Armagnac
3150,Betcave-Aguin
3151,Betchat
3152,Bétête
3153,Béthancourt-en-Valois
3154,Béthancourt-en-Vaux
3155,Béthelainville
3156,Béthemont-la-Forêt
3157,Béthencourt
3158,Béthencourt-sur-Mer
3159,Béthencourt-sur-Somme
3160,Bétheniville
3161,Bétheny
3162,Béthincourt
3163,Béthines
3164,Béthisy-Saint-Martin
3165,Béthisy-Saint-Pierre
3166,Bethmale
3167,Bethon
3168,Béthon
3169,Bethoncourt
3170,Béthonsart
3171,Béthonvilliers
3172,Bethonvilliers
3173,Béthune
3174,Bétignicourt
3175,Beton-Bazoches
3176,Betoncourt-lès-Brotte
3177,Betoncourt-Saint-Pancras
3178,Betoncourt-sur-Mance
3179,Bétous
3180,Betplan
3181,Betpouey
3182,Betpouy
3183,Bétracq
3184,Betschdorf
3185,Bettainvillers
3186,Bettancourt-la-Ferrée
3187,Bettancourt-la-Longue
3188,Bettange
3189,Bettant
3190,Bettborn
3191,Bettegney-Saint-Brice
3192,Bettelainville
3193,Bettembos
3194,Bettencourt-Rivière
3195,Bettencourt-Saint-Ouen
3196,Bettendorf
3197,Bettes
3198,Bettignies
3199,Betting
3200,Bettlach
3201,Betton
3202,Betton-Bettonet
3203,Bettoncourt
3204,Bettrechies
3205,Bettviller
3206,Bettwiller
3207,Betz
3208,Betz-le-Château
3209,Beugin
3210,Beugnâtre
3211,Beugneux
3212,Beugnies
3213,Beugnon
3214,Beugnon-Thireuil
3215,Beugny
3216,Beuil
3217,Beulotte-Saint-Laurent
3218,Beure
3219,Beurey
3220,Beurey-Bauguay
3221,Beurey-sur-Saulx
3222,Beurières
3223,Beurizot
3224,Beurlay
3225,Beurville
3226,Beussent
3227,Beuste
3228,Beutal
3229,Beutin
3230,Beuvardes
3231,Beuveille
3232,Beuvezin
3233,Beuvillers
3234,Beuvillers
3235,Beuvrages
3236,Beuvraignes
3237,Beuvrequen
3238,Beuvrigny
3239,Beuvron
3240,Beuvron-en-Auge
3241,Beuvry
3242,Beuvry-la-Forêt
3243,Beux
3244,Beuxes
3245,Beuzec-Cap-Sizun
3246,Beuzeville
3247,Beuzeville-la-Bastille
3248,Beuzeville-la-Grenier
3249,Beuzeville-la-Guérard
3250,Beuzevillette
3251,Bévenais
3252,Beveuge
3253,Béville-le-Comte
3254,Bévillers
3255,Bevons
3256,Bévy
3257,Bey
3258,Bey
3259,Bey-sur-Seille
3260,Beychac-et-Caillau
3261,Beylongue
3262,Beynac
3263,Beynac-et-Cazenac
3264,Beynat
3265,Beynes
3266,Beynes
3267,Beynost
3268,Beyrède-Jumet-Camous
3269,Beyren-lès-Sierck
3270,Beyrie-en-Béarn
3271,Beyrie-sur-Joyeuse
3272,Beyries
3273,Beyssac
3274,Beyssenac
3275,Bez-et-Esparon
3276,Bézac
3277,Bezalles
3278,Bézancourt
3279,Bezange-la-Grande
3280,Bezange-la-Petite
3281,Bezannes
3282,Bézaudun-les-Alpes
3283,Bézaudun-sur-Bîne
3284,Bezaumont
3285,Bèze
3286,Bézenet
3287,Bézéril
3288,Béziers
3289,Bezinghem
3290,Bezins-Garraux
3291,Bezolles
3292,Bezons
3293,Bezonvaux
3294,Bezouce
3295,Bézouotte
3296,Bézu-la-Forêt
3297,Bézu-le-Guéry
3298,Bézu-Saint-Éloi
3299,Bézu-Saint-Germain
3300,Bézues-Bajon
3301,Biache-Saint-Vaast
3302,Biaches
3303,Bians-les-Usiers
3304,Biard
3305,Biarne
3306,Biarre
3307,Biarritz
3308,Biarrotte
3309,Biars-sur-Cère
3310,Bias
3311,Bias
3312,Biaudos
3313,Bibiche
3314,Biblisheim
3315,Bibost
3316,Bichancourt
3317,Biches
3318,Bickenholtz
3319,Bicqueley
3320,Bidache
3321,Bidarray
3322,Bidart
3323,Bidestroff
3324,Biding
3325,Bidon
3326,Bidos
3327,Biécourt
3328,Biederthal
3329,Bief
3330,Bief-des-Maisons
3331,Bief-du-Fourg
3332,Biefmorin
3333,Biefvillers-lès-Bapaume
3334,Bielle
3335,Biencourt
3336,Biencourt-sur-Orge
3337,Bienville
3338,Bienville-la-Petite
3339,Bienvillers-au-Bois
3340,Biermes
3341,Biermont
3342,Bierne
3343,Bierné-les-Villages
3344,Bierry-les-Belles-Fontaines
3345,Biert
3346,Bierville
3347,Biesheim
3348,Biesles
3349,Bietlenheim
3350,Bieujac
3351,Bieuxy
3352,Biéville
3353,Biéville-Beuville
3354,Bièvres
3355,Bièvres
3356,Bièvres
3357,Biffontaine
3358,Biganos
3359,Bignan
3360,Bignay
3361,Bignicourt
3362,Bignicourt-sur-Marne
3363,Bignicourt-sur-Saulx
3364,Bignoux
3365,Bigorno
3366,Biguglia
3367,Bihorel
3368,Bihucourt
3369,Bilhac
3370,Bilhères
3371,Bilia
3372,Bilieu
3373,Billancelles
3374,Billancourt
3375,Billé
3376,Billecul
3377,Billère
3378,Billey
3379,Billezois
3380,Billiat
3381,Billième
3382,Billière
3383,Billiers
3384,Billio
3385,Billom
3386,Billy
3387,Billy
3388,Billy-Berclau
3389,Billy-Chevannes
3390,Billy-le-Grand
3391,Billy-lès-Chanceaux
3392,Billy-Montigny
3393,Billy-sous-Mangiennes
3394,Billy-sur-Aisne
3395,Billy-sur-Oisy
3396,Billy-sur-Ourcq
3397,Biltzheim
3398,Bilwisheim
3399,Bimont
3400,Binarville
3401,Binas
3402,Bindernheim
3403,Binges
3404,Binic-Étables-sur-Mer
3405,Bining
3406,Biniville
3407,Binos
3408,Binson-et-Orquigny
3409,Bio
3410,Biol
3411,Biollet
3412,Bioncourt
3413,Bionville
3414,Bionville-sur-Nied
3415,Biot
3416,Bioule
3417,Bioussac
3418,Biozat
3419,Birac
3420,Birac
3421,Birac-sur-Trec
3422,Biran
3423,Biras
3424,Biriatou
3425,Birieux
3426,Biron
3427,Biron
3428,Biron
3429,Biscarrosse
3430,Bischheim
3431,Bischholtz
3432,Bischoffsheim
3433,Bischwihr
3434,Bischwiller
3435,Bisel
3436,Bisinchi
3437,Bislée
3438,Bissert
3439,Bissey-la-Côte
3440,Bissey-la-Pierre
3441,Bissey-sous-Cruchaud
3442,Bissezeele
3443,Bissy-la-Mâconnaise
3444,Bissy-sous-Uxelles
3445,Bissy-sur-Fley
3446,Bisten-en-Lorraine
3447,Bistroff
3448,Bitche
3449,Bitry
3450,Bitry
3451,Bitschhoffen
3452,Bitschwiller-lès-Thann
3453,Bivès
3454,Biviers
3455,Biville-la-Baignarde
3456,Biville-la-Rivière
3457,Bizanet
3458,Bizanos
3459,Bize
3460,Bize
3461,Bize-Minervois
3462,Bizeneuille
3463,Biziat
3464,Bizonnes
3465,Bizou
3466,Bizous
3467,Blacé
3468,Blacourt
3469,Blacqueville
3470,Blacy
3471,Blacy
3472,Blaesheim
3473,Blagnac
3474,Blagny
3475,Blagny-sur-Vingeanne
3476,Blaignac
3477,Blaignan-Prignac
3478,Blain
3479,Blaincourt-lès-Précy
3480,Blaincourt-sur-Aube
3481,Blainville-Crevon
3482,Blainville-sur-l'Eau
3483,Blainville-sur-Mer
3484,Blainville-sur-Orne
3485,Blairville
3486,Blaise-sous-Arzillières
3487,Blaison-Saint-Sulpice
3488,Blaisy
3489,Blaisy-Bas
3490,Blaisy-Haut
3491,Blajan
3492,Blamont
3493,Blâmont
3494,Blan
3495,Blancafort
3496,Blancey
3497,Blancfossé
3498,Blanche-Église
3499,Blanchefosse-et-Bay
3500,Blancherupt
3501,Blancs-Coteaux
3502,Blandainville
3503,Blandas
3504,Blandin
3505,Blandouet-Saint
3506,Blandy
3507,Blandy
3508,Blangerval-Blangermont
3509,Blangy-le-Château
3510,Blangy-sous-Poix
3511,Blangy-sur-Bresle
3512,Blangy-sur-Ternoise
3513,Blangy-Tronville
3514,Blannay
3515,Blanot
3516,Blanot
3517,Blanquefort
3518,Blanquefort
3519,Blanquefort-sur-Briolance
3520,Blanzac
3521,Blanzac
3522,Blanzac-lès-Matha
3523,Blanzaguet-Saint-Cybard
3524,Blanzat
3525,Blanzay
3526,Blanzay-sur-Boutonne
3527,Blanzée
3528,Blanzy
3529,Blanzy-la-Salonnaise
3530,Blanzy-lès-Fismes
3531,Blargies
3532,Blarians
3533,Blaringhem
3534,Blars
3535,Blaru
3536,Blasimon
3537,Blassac
3538,Blaudeix
3539,Blausasc
3540,Blauvac
3541,Blauzac
3542,Blavignac
3543,Blavozy
3544,Blay
3545,Blaye
3546,Blaye-les-Mines
3547,Blaymont
3548,Blaziert
3549,Blécourt
3550,Blécourt
3551,Bleigny-le-Carreau
3552,Blémerey
3553,Blémerey
3554,Blendecques
3555,Bléneau
3556,Blennes
3557,Blénod-lès-Pont-à-Mousson
3558,Blénod-lès-Toul
3559,Bléquin
3560,Blérancourt
3561,Bléré
3562,Bléruais
3563,Blésignac
3564,Blesle
3565,Blesme
3566,Blesmes
3567,Blessac
3568,Blessonville
3569,Blessy
3570,Blet
3571,Bletterans
3572,Bleurville
3573,Blevaincourt
3574,Blèves
3575,Blicourt
3576,Blienschwiller
3577,Blies-Ébersing
3578,Blies-Guersviller
3579,Bliesbruck
3580,Blieux
3581,Blignicourt
3582,Bligny
3583,Bligny
3584,Bligny-le-Sec
3585,Bligny-lès-Beaune
3586,Bligny-sur-Ouche
3587,Blincourt
3588,Blingel
3589,Blismes
3590,Blodelsheim
3591,Blois
3592,Blois-sur-Seille
3593,Blomac
3594,Blomard
3595,Blombay
3596,Blond
3597,Blondefontaine
3598,Blonville-sur-Mer
3599,Blosseville
3600,Blosville
3601,Blot-l'Église
3602,Blotzheim
3603,Blou
3604,Blousson-Sérian
3605,Bloye
3606,Bluffy
3607,Blumeray
3608,Blussangeaux
3609,Blussans
3610,Blye
3611,Blyes
3612,Bobigny
3613,Bobital
3614,Bocognano
3615,Bocquegney
3616,Bodilis
3617,Boé
3618,Boëcé
3619,Boëge
3620,Boeil-Bezing
3621,Boën-sur-Lignon
3622,Boeschepe
3623,Boëseghem
3624,Boëssé-le-Sec
3625,Boësses
3626,Boffles
3627,Boffres
3628,Bogève
3629,Bogny-sur-Meuse
3630,Bogy
3631,Bohain-en-Vermandois
3632,Bohal
3633,Bohars
3634,Bohas-Meyriat-Rignat
3635,Boigneville
3636,Boigny-sur-Bionne
3637,Boinville-en-Mantois
3638,Boinville-en-Woëvre
3639,Boinville-le-Gaillard
3640,Boinvilliers
3641,Boiry-Becquerelle
3642,Boiry-Notre-Dame
3643,Boiry-Saint-Martin
3644,Boiry-Sainte-Rictrude
3645,Bois
3646,Bois-Anzeray
3647,Bois-Arnault
3648,Bois-Bernard
3649,Bois-Colombes
3650,Bois-d'Amont
3651,Bois-d'Arcy
3652,Bois-d'Arcy
3653,Bois-d'Ennebourg
3654,Bois-de-Céné
3655,Bois-de-Champ
3656,Bois-de-Gand
3657,Bois-de-Haye
3658,Bois-de-la-Pierre
3659,Bois-Grenier
3660,Bois-Guilbert
3661,Bois-Guillaume
3662,Bois-Héroult
3663,Bois-Herpin
3664,Bois-Himont
3665,Bois-Jérôme-Saint-Ouen
3666,Bois-l'Évêque
3667,Bois-le-Roi
3668,Bois-le-Roi
3669,Bois-lès-Pargny
3670,Bois-Normand-près-Lyre
3671,Bois-Sainte-Marie
3672,Boisbergues
3673,Boisbreteau
3674,Boischampré
3675,Boiscommun
3676,Boisdinghem
3677,Boisdon
3678,Boisemont
3679,Boisgervilly
3680,Boisjean
3681,Boisleux-au-Mont
3682,Boisleux-Saint-Marc
3683,Boismé
3684,Boismont
3685,Boismont
3686,Boismorand
3687,Boisné-La
3688,Boisney
3689,Boisredon
3690,Boissay
3691,Boisse
3692,Boisse-Penchot
3693,Boisseau
3694,Boisseaux
3695,Boissède
3696,Boissei-la-Lande
3697,Boisseron
3698,Boisset
3699,Boisset
3700,Boisset
3701,Boisset-et-Gaujac
3702,Boisset-lès-Montrond
3703,Boisset-les-Prévanches
3704,Boisset-Saint-Priest
3705,Boissets
3706,Boissettes
3707,Boisseuil
3708,Boisseuilh
3709,Boissey
3710,Boissey-le-Châtel
3711,Boissezon
3712,Boissia
3713,Boissières
3714,Boissières
3715,Boissise-la-Bertrand
3716,Boissise-le-Roi
3717,Boissy-aux-Cailles
3718,Boissy-en-Drouais
3719,Boissy-Fresnoy
3720,Boissy-l'Aillerie
3721,Boissy-la-Rivière
3722,Boissy-Lamberville
3723,Boissy-le-Châtel
3724,Boissy-le-Cutté
3725,Boissy-le-Repos
3726,Boissy-le-Sec
3727,Boissy-lès-Perche
3728,Boissy-Mauvoisin
3729,Boissy-Saint-Léger
3730,Boissy-sans-Avoir
3731,Boissy-sous-Saint-Yon
3732,Boistrudan
3733,Boisville-la-Saint-Père
3734,Boisyvon
3735,Boitron
3736,Boitron
3737,Boivre-la-Vallée
3738,Bolandoz
3739,Bolazec
3740,Bolbec
3741,Bollène
3742,Bolleville
3743,Bollezeele
3744,Bollwiller
3745,Bologne
3746,Bolozon
3747,Bolquère
3748,Bolsenheim
3749,Bombon
3750,Bommes
3751,Bommiers
3752,Bompas
3753,Bompas
3754,Bomy
3755,Bon
3756,Bon-Encontre
3757,Bona
3758,Bonac-Irazein
3759,Bonas
3760,Bonboillon
3761,Boncé
3762,Bonchamp-lès-Laval
3763,Boncourt
3764,Boncourt
3765,Boncourt
3766,Boncourt
3767,Boncourt-le-Bois
3768,Boncourt-sur-Meuse
3769,Bondaroy
3770,Bondeval
3771,Bondigoux
3772,Bondoufle
3773,Bondues
3774,Bondy
3775,Bongheat
3776,Bonifacio
3777,Bonlier
3778,Bonlieu
3779,Bonlieu-sur-Roubion
3780,Bonloc
3781,Bonnac
3782,Bonnac
3783,Bonnac-la-Côte
3784,Bonnal
3785,Bonnard
3786,Bonnat
3787,Bonnay
3788,Bonnay
3789,Bonnay
3790,Bonne
3791,Bonnebosq
3792,Bonnecourt
3793,Bonnée
3794,Bonnefamille
3795,Bonnefoi
3796,Bonnefond
3797,Bonnefont
3798,Bonnefontaine
3799,Bonnegarde
3800,Bonneil
3801,Bonnelles
3802,Bonnemain
3803,Bonnemaison
3804,Bonnemazon
3805,Bonnencontre
3806,Bonnes
3807,Bonnes
3808,Bonnesvalyn
3809,Bonnet
3810,Bonnétable
3811,Bonnétage
3812,Bonnetan
3813,Bonneuil
3814,Bonneuil
3815,Bonneuil-en-France
3816,Bonneuil-en-Valois
3817,Bonneuil-les-Eaux
3818,Bonneuil-Matours
3819,Bonneuil-sur-Marne
3820,Bonneval
3821,Bonneval
3822,Bonneval-sur-Arc
3823,Bonnevaux
3824,Bonnevaux
3825,Bonnevaux
3826,Bonneveau
3827,Bonnevent-Velloreille
3828,Bonneville
3829,Bonneville
3830,Bonneville-Aptot
3831,Bonneville-et-Saint-Avit-de-Fumadières
3832,Bonneville-la-Louvet
3833,Bonneville-sur-Touques
3834,Bonnières
3835,Bonnières
3836,Bonnières-sur-Seine
3837,Bonnieux
3838,Bonningues-lès-Ardres
3839,Bonningues-lès-Calais
3840,Bonnut
3841,Bonny-sur-Loire
3842,Bonnœil
3843,Bono
3844,Bonrepos
3845,Bonrepos-Riquet
3846,Bonrepos-sur-Aussonnelle
3847,Bons-en-Chablais
3848,Bons-Tassilly
3849,Bonsecours
3850,Bonsmoulins
3851,Bonson
3852,Bonson
3853,Bonvillard
3854,Bonvillaret
3855,Bonviller
3856,Bonvillers
3857,Bonvillet
3858,Bony
3859,Bonzac
3860,Bonzée
3861,Boô-Silhen
3862,Boofzheim
3863,Boos
3864,Bootzheim
3865,Boqueho
3866,Bor-et-Bar
3867,Boran-sur-Oise
3868,Borce
3869,Bord-Saint-Georges
3870,Bordeaux
3871,Bordeaux-en-Gâtinais
3872,Bordeaux-Saint-Clair
3873,Bordères
3874,Bordères-et-Lamensans
3875,Bordères-Louron
3876,Bordères-sur-l'Échez
3877,Bordes
3878,Bordes
3879,Bordes-de-Rivière
3880,Bordes-Uchentein
3881,Bordezac
3882,Bords
3883,Borée
3884,Boresse-et-Martron
3885,Borest
3886,Borey
3887,Borgo
3888,Bormes-les-Mimosas
3889,Bornambusc
3890,Bornay
3891,Borne
3892,Borne
3893,Bornel
3894,Boron
3895,Borre
3896,Borrèze
3897,Bors
3898,Bors
3899,Bort-l'Étang
3900,Bort-les-Orgues
3901,Borville
3902,Bosc-Bérenger
3903,Bosc-Bordel
3904,Bosc-Édeline
3905,Bosc-Guérard-Saint-Adrien
3906,Bosc-Hyons
3907,Bosc-le-Hard
3908,Bosc-Mesnil
3909,Boscamnant
3910,Bosdarros
3911,Bosgouet
3912,Bosjean
3913,Bosmie-l'Aiguille
3914,Bosmont-sur-Serre
3915,Bosmoreau-les-Mines
3916,Bosquel
3917,Bosquentin
3918,Bosrobert
3919,Bosroger
3920,Bosroumois
3921,Bossancourt
3922,Bossay-sur-Claise
3923,Bossée
3924,Bosselshausen
3925,Bossendorf
3926,Bosset
3927,Bossey
3928,Bossieu
3929,Bossugan
3930,Bossus-lès-Rumigny
3931,Bost
3932,Bostens
3933,Bosville
3934,Botans
3935,Botmeur
3936,Botsorhel
3937,Bou
3938,Bouafle
3939,Bouafles
3940,Bouan
3941,Bouaye
3942,Boubers-lès-Hesmond
3943,Boubers-sur-Canche
3944,Boubiers
3945,Bouc-Bel-Air
3946,Boucagnères
3947,Boucau
3948,Boucé
3949,Boucé
3950,Bouchain
3951,Bouchamps-lès-Craon
3952,Bouchavesnes-Bergen
3953,Bouchemaine
3954,Boucheporn
3955,Bouchet
3956,Bouchevilliers
3957,Bouchoir
3958,Bouchon
3959,Bouchy-Saint-Genest
3960,Boucieu-le-Roi
3961,Bouclans
3962,Boucoiran-et-Nozières
3963,Bouconville
3964,Bouconville-sur-Madt
3965,Bouconville-Vauclair
3966,Bouconvillers
3967,Boucq
3968,Boudes
3969,Boudeville
3970,Boudou
3971,Boudrac
3972,Boudreville
3973,Boudy-de-Beauregard
3974,Boué
3975,Bouée
3976,Boueilh-Boueilho-Lasque
3977,Bouelles
3978,Bouéni
3979,Bouër
3980,Bouère
3981,Bouessay
3982,Bouesse
3983,Bouëx
3984,Bouffémont
3985,Bouffignereux
3986,Boufflers
3987,Bouffry
3988,Bougainville
3989,Bougarber
3990,Bougé-Chambalud
3991,Bouges-le-Château
3992,Bougey
3993,Bougival
3994,Bouglainval
3995,Bougligny
3996,Bouglon
3997,Bougneau
3998,Bougnon
3999,Bougon
4000,Bougue
4001,Bouguenais
4002,Bougy
4003,Bougy-lez-Neuville
4004,Bouhans
4005,Bouhans-et-Feurg
4006,Bouhans-lès-Lure
4007,Bouhans-lès-Montbozon
4008,Bouhet
4009,Bouhey
4010,Bouhy
4011,Bouilh-Devant
4012,Bouilh-Péreuilh
4013,Bouilhonnac
4014,Bouillac
4015,Bouillac
4016,Bouillac
4017,Bouillancourt-en-Séry
4018,Bouillancourt-la-Bataille
4019,Bouillancy
4020,Bouilland
4021,Bouillante
4022,Bouillargues
4023,Bouillé-Courdault
4024,Bouillé-Ménard
4025,Bouillon
4026,Bouillonville
4027,Bouilly
4028,Bouilly
4029,Bouilly-en-Gâtinais
4030,Bouin
4031,Bouin-Plumoison
4032,Bouisse
4033,Bouix
4034,Boujailles
4035,Boujan-sur-Libron
4036,Boulages
4037,Boulaincourt
4038,Boulancourt
4039,Boulange
4040,Boulaur
4041,Boulay-les-Barres
4042,Boulay-les-Ifs
4043,Boulay-Moselle
4044,Boulazac
4045,Boulbon
4046,Boulc
4047,Boule-d'Amont
4048,Bouleternère
4049,Bouleurs
4050,Bouleuse
4051,Bouliac
4052,Boulieu-lès-Annonay
4053,Bouligneux
4054,Bouligney
4055,Bouligny
4056,Boulin
4057,Boullarre
4058,Boullay-les-Troux
4059,Boulleret
4060,Boulleville
4061,Bouloc
4062,Bouloc-en-Quercy
4063,Boulogne-Billancourt
4064,Boulogne-la-Grasse
4065,Boulogne-sur-Gesse
4066,Boulogne-sur-Helpe
4067,Boulogne-sur-Mer
4068,Bouloire
4069,Boulon
4070,Boulot
4071,Boult
4072,Boult-aux-Bois
4073,Boult-sur-Suippe
4074,Boulzicourt
4075,Boumourt
4076,Bouniagues
4077,Bouquehault
4078,Bouquelon
4079,Bouquemaison
4080,Bouquemont
4081,Bouquet
4082,Bouquetot
4083,Bouqueval
4084,Bouranton
4085,Bouray-sur-Juine
4086,Bourbach-le-Bas
4087,Bourbach-le-Haut
4088,Bourberain
4089,Bourbévelle
4090,Bourbon-l'Archambault
4091,Bourbon-Lancy
4092,Bourbonne-les-Bains
4093,Bourbourg
4094,Bourbriac
4095,Bourcefranc-le-Chapus
4096,Bourcq
4097,Bourdainville
4098,Bourdalat
4099,Bourdeau
4100,Bourdeaux
4101,Bourdeilles
4102,Bourdelles
4103,Bourdenay
4104,Bourdettes
4105,Bourdic
4106,Bourdon
4107,Bourdonnay
4108,Bourdonné
4109,Bourdons-sur-Rognon
4110,Bourecq
4111,Bouresches
4112,Bouresse
4113,Bouret-sur-Canche
4114,Boureuilles
4115,Bourg
4116,Bourg
4117,Bourg-Achard
4118,Bourg-Archambault
4119,Bourg-Argental
4120,Bourg-Beaudouin
4121,Bourg-Blanc
4122,Bourg-Bruche
4123,Bourg-Charente
4124,Bourg-d'Oueil
4125,Bourg-de-Bigorre
4126,Bourg-de-Péage
4127,Bourg-de-Sirod
4128,Bourg-de-Visa
4129,Bourg-des-Comptes
4130,Bourg-des-Maisons
4131,Bourg-du-Bost
4132,Bourg-en-Bresse
4133,Bourg-et-Comin
4134,Bourg-Fidèle
4135,Bourg-l'Évêque
4136,Bourg-la-Reine
4137,Bourg-Lastic
4138,Bourg-le-Comte
4139,Bourg-le-Roi
4140,Bourg-lès-Valence
4141,Bourg-Madame
4142,Bourg-Saint-Andéol
4143,Bourg-Saint-Bernard
4144,Bourg-Saint-Christophe
4145,Bourg-Saint-Maurice
4146,Bourg-Sainte-Marie
4147,Bourg-sous-Châtelet
4148,Bourgaltroff
4149,Bourganeuf
4150,Bourgbarré
4151,Bourgeauville
4152,Bourges
4153,Bourget-en-Huile
4154,Bourgheim
4155,Bourghelles
4156,Bourgnac
4157,Bourgneuf
4158,Bourgneuf
4159,Bourgogne-Fresne
4160,Bourgoin-Jallieu
4161,Bourgon
4162,Bourgougnague
4163,Bourgs
4164,Bourguébus
4165,Bourgueil
4166,Bourguenolles
4167,Bourguignon
4168,Bourguignon-lès-Conflans
4169,Bourguignon-lès-la-Charité
4170,Bourguignon-lès-Morey
4171,Bourguignon-sous-Coucy
4172,Bourguignon-sous-Montbavin
4173,Bourguignons
4174,Bourgvallées
4175,Bourgvilain
4176,Bourideys
4177,Bouriège
4178,Bourigeole
4179,Bourisp
4180,Bourlens
4181,Bourlon
4182,Bourmont-entre-Meuse-et-Mouzon
4183,Bournainville-Faverolles
4184,Bournan
4185,Bournand
4186,Bournazel
4187,Bournazel
4188,Bourneau
4189,Bournel
4190,Bourneville-Sainte-Croix
4191,Bournezeau
4192,Bourniquel
4193,Bournois
4194,Bournoncle-Saint-Pierre
4195,Bournonville
4196,Bournos
4197,Bourogne
4198,Bourran
4199,Bourréac
4200,Bourret
4201,Bourriot-Bergonce
4202,Bourron-Marlotte
4203,Bourrou
4204,Bourrouillan
4205,Bours
4206,Bours
4207,Boursault
4208,Boursay
4209,Bourscheid
4210,Bourseul
4211,Bourseville
4212,Boursières
4213,Boursies
4214,Boursin
4215,Boursonne
4216,Bourth
4217,Bourthes
4218,Bourville
4219,Boury-en-Vexin
4220,Bousbach
4221,Bousbecque
4222,Bousies
4223,Bousignies
4224,Bousignies-sur-Roc
4225,Boussac
4226,Boussac
4227,Boussac
4228,Boussac-Bourg
4229,Boussais
4230,Boussan
4231,Boussay
4232,Boussay
4233,Bousse
4234,Bousse
4235,Bousselange
4236,Boussenac
4237,Boussenois
4238,Boussens
4239,Bousseraucourt
4240,Boussès
4241,Bousseviller
4242,Boussey
4243,Boussicourt
4244,Boussières
4245,Boussières-en-Cambrésis
4246,Boussières-sur-Sambre
4247,Boussois
4248,Boussy
4249,Boussy-Saint-Antoine
4250,Boust
4251,Boustroff
4252,Bout-du-Pont-de-Larn
4253,Bouteilles-Saint-Sébastien
4254,Boutenac
4255,Boutenac-Touvent
4256,Boutencourt
4257,Boutervilliers
4258,Bouteville
4259,Boutiers-Saint-Trojan
4260,Boutigny
4261,Boutigny-Prouais
4262,Boutigny-sur-Essonne
4263,Bouttencourt
4264,Boutteville
4265,Boutx
4266,Bouvaincourt-sur-Bresle
4267,Bouvancourt
4268,Bouvante
4269,Bouvelinghem
4270,Bouvellemont
4271,Bouverans
4272,Bouvesse-Quirieu
4273,Bouvières
4274,Bouvignies
4275,Bouvigny-Boyeffles
4276,Bouville
4277,Bouville
4278,Bouville
4279,Bouvincourt-en-Vermandois
4280,Bouvines
4281,Bouvresse
4282,Bouvron
4283,Bouvron
4284,Boux-sous-Salmaise
4285,Bouxières-aux-Bois
4286,Bouxières-aux-Chênes
4287,Bouxières-aux-Dames
4288,Bouxières-sous-Froidmont
4289,Bouxurulles
4290,Bouxwiller
4291,Bouxwiller
4292,Bouy
4293,Bouy-Luxembourg
4294,Bouy-sur-Orvin
4295,Bouyon
4296,Bouzais
4297,Bouzancourt
4298,Bouzanville
4299,Bouze-lès-Beaune
4300,Bouzel
4301,Bouzemont
4302,Bouzeron
4303,Bouzic
4304,Bouziès
4305,Bouzigues
4306,Bouzin
4307,Bouzincourt
4308,Bouzon-Gellenave
4309,Bouzonville
4310,Bouzonville-aux-Bois
4311,Bouzy
4312,Bouzy-la-Forêt
4313,Bovée-sur-Barboure
4314,Bovel
4315,Bovelles
4316,Boves
4317,Boviolles
4318,Boyaval
4319,Boyelles
4320,Boyer
4321,Boyer
4322,Boyeux-Saint-Jérôme
4323,Boynes
4324,Boz
4325,Bozas
4326,Bozel
4327,Bozouls
4328,Brabant-en-Argonne
4329,Brabant-le-Roi
4330,Brabant-sur-Meuse
4331,Brach
4332,Brachay
4333,Braches
4334,Brachy
4335,Bracieux
4336,Bracon
4337,Bracquetuit
4338,Bradiancourt
4339,Bragassargues
4340,Bragayrac
4341,Brageac
4342,Bragelogne-Beauvoir
4343,Bragny-sur-Saône
4344,Braillans
4345,Brailly-Cornehotte
4346,Brain
4347,Brain-sur-Allonnes
4348,Brainans
4349,Braine
4350,Brains
4351,Brains-sur-Gée
4352,Brains-sur-les-Marches
4353,Brainville
4354,Brainville
4355,Brainville-sur-Meuse
4356,Braisnes-sur-Aronde
4357,Braize
4358,Bralleville
4359,Bram
4360,Brametot
4361,Bramevaque
4362,Bran
4363,Branceilles
4364,Branches
4365,Brancourt-en-Laonnois
4366,Brancourt-le-Grand
4367,Brandérion
4368,Brandeville
4369,Brandivy
4370,Brando
4371,Brandonnet
4372,Brandonvillers
4373,Branges
4374,Brangues
4375,Brannay
4376,Branne
4377,Branne
4378,Brannens
4379,Branoux-les-Taillades
4380,Brans
4381,Bransat
4382,Branscourt
4383,Bransles
4384,Brantes
4385,Brantigny
4386,Brantôme
4387,Branville
4388,Braquis
4389,Bras
4390,Bras-d'Asse
4391,Bras-Panon
4392,Bras-sur-Meuse
4393,Brasc
4394,Brasles
4395,Braslou
4396,Brasparts
4397,Brassac
4398,Brassac
4399,Brassac
